"file","where","notes","vietnamese","english"
"event.json","tagline","","Chạm di sản, chạm sáng tạo","Embrace Heritage, Inspire Creativity"
"event.json","subtitle","","Khu phố cổ Hội An — Di sản Văn hóa Thế giới","Hoi An Ancient Town — World Cultural Heritage"
"event.json","venue","","Quảng trường sông Hoài và khu phố cổ Hội An","Sông Hoài Square and Hội An Ancient Town"
"event.json","intro","","Phố cổ Hội An từng là một trong những thương cảng quốc tế sầm uất bậc nhất khu vực thế kỷ XVI–XVII. Trong tuần lễ sáng tạo, hãy đi bộ qua những hội quán, nhà cổ, bảo tàng và không gian nghệ thuật — check-in tại mỗi điểm để sưu tầm tem cho hộ chiếu của bạn.","Hoi An was one of the busiest international trading ports in the region during the 16th–17th centuries. During the creative week, walk through its assembly halls, old houses, museums and art spaces — check in at each to collect stamps for your passport."
"event.json","howItWorks[0]","","Mở bản đồ và chọn một điểm đến gần bạn.","Open the map and pick a site near you."
"event.json","howItWorks[1]","","Đến nơi, nhấn ""Check-in"". Ứng dụng kiểm tra vị trí GPS của bạn.","When you arrive, tap ""Check in"". The app verifies your GPS location."
"event.json","howItWorks[2]","","Trả lời vài câu hỏi về điểm đến để xác nhận.","Answer a few questions about the site to confirm."
"event.json","howItWorks[3]","","Nhận tem và điểm thưởng. Ghé “điểm cần khám phá” được +10 điểm.","Earn a stamp and points. Spotlight sites give +10 bonus points."
"event.json","howItWorks[4]","","Đủ tem theo tuyến hoặc đạt mốc danh hiệu → đổi quà tại quầy vé.","Complete a tour set or reach a rank → claim your gift at any ticket counter."
"event.json","note","","Hộ chiếu được lưu trên thiết bị của bạn — không cần đăng nhập. Mất mạng vẫn check-in được. Hãy lưu lại mã khôi phục trong mục Hộ chiếu để không mất tem khi đổi máy.","Your passport is stored on your device — no login required. Check-in works offline. Save the recovery code on the Passport tab so you keep your stamps if you switch phones."
"event.json","title","one language only — proper noun","Tuần lễ Sáng tạo Hội An",""
"event.json","year","one language only","2026",""
"event.json","dates","one language only — date range","28/8 – 02/9/2026",""
"destinations.json","A1 chua-cau / name","","Chùa Cầu (Cầu Nhật Bản)","Japanese Covered Bridge"
"destinations.json","A1 chua-cau / address","","Cuối đường Nguyễn Thị Minh Khai","Cuối đường Nguyễn Thị Minh Khai"
"destinations.json","A1 chua-cau / hours","","7:00 - 22:00","7:00 - 22:00"
"destinations.json","A1 chua-cau / description","","Chùa Cầu nằm tiếp giáp đường Nguyễn Thị Minh Khai và đường Trần Phú- Hội An, còn được gọi là cầu Nhật Bản, là công trình do các thương gia Nhật Bản đến buôn bán tại Hội An xây dựng vào khoảng đầu thế kỷ XVII, cách nay hơn 400 năm.","A wooden bridge built by Japanese merchants in the early 17th century — the architectural symbol and soul of Hoi An's old town."
"destinations.json","A1 chua-cau / quiz[0].question","easy","Chùa Cầu do cộng đồng thương nhân nào xây dựng?","Which merchant community built the bridge?"
"destinations.json","A1 chua-cau / quiz[0].options[0]","correct answer","Nhật Bản","Japanese"
"destinations.json","A1 chua-cau / quiz[0].options[1]","","Trung Hoa","Chinese"
"destinations.json","A1 chua-cau / quiz[0].options[2]","","Bồ Đào Nha","Portuguese"
"destinations.json","A1 chua-cau / quiz[1].question","easy","Chùa Cầu được làm chủ yếu bằng vật liệu gì?","What is the bridge mainly made of?"
"destinations.json","A1 chua-cau / quiz[1].options[0]","correct answer","Gỗ","Wood"
"destinations.json","A1 chua-cau / quiz[1].options[1]","","Đá","Stone"
"destinations.json","A1 chua-cau / quiz[1].options[2]","","Bê tông","Concrete"
"destinations.json","A1 chua-cau / quiz[2].question","easy","Chùa Cầu bắc qua dòng nước chảy ra con sông nào?","The bridge crosses a stream flowing into which river?"
"destinations.json","A1 chua-cau / quiz[2].options[0]","correct answer","Sông Thu Bồn","Thu Bon River"
"destinations.json","A1 chua-cau / quiz[2].options[1]","","Sông Hàn","Han River"
"destinations.json","A1 chua-cau / quiz[2].options[2]","","Sông Hương","Huong River"
"destinations.json","A1 chua-cau / quiz[3].question","hard","Chùa Cầu được xây dựng vào khoảng thời gian nào?","When was the bridge built?"
"destinations.json","A1 chua-cau / quiz[3].options[0]","correct answer","Đầu thế kỷ 17","Early 17th century"
"destinations.json","A1 chua-cau / quiz[3].options[1]","","Thế kỷ 15","15th century"
"destinations.json","A1 chua-cau / quiz[3].options[2]","","Thế kỷ 19","19th century"
"destinations.json","A1 chua-cau / quiz[4].question","hard","Hình ảnh Chùa Cầu xuất hiện trên tờ tiền Việt Nam mệnh giá nào?","The bridge appears on which Vietnamese banknote?"
"destinations.json","A1 chua-cau / quiz[4].options[0]","correct answer","20.000 đồng","20,000 VND"
"destinations.json","A1 chua-cau / quiz[4].options[1]","","10.000 đồng","10,000 VND"
"destinations.json","A1 chua-cau / quiz[4].options[2]","","50.000 đồng","50,000 VND"
"destinations.json","A2 chua-quan-am / name","","Chùa Quan Âm","Quan Am Pagoda"
"destinations.json","A2 chua-quan-am / address","","26 Trần Phú","26 Trần Phú"
"destinations.json","A2 chua-quan-am / hours","","7:30 - 19:30","7:30 - 19:30"
"destinations.json","A2 chua-quan-am / description","","Tọa lạc tại số 13 đường Nguyễn Huệ, phường Minh An, thành phố Hội An, Minh Hương Phật tự hay còn gọi là chùa Quan Âm là ngôi chùa thờ Phật có lịch sử lâu đời tại phố cổ Hội An. Theo sử sách, chùa được cư dân làng Minh Hương cho xây khoảng trước năm 1653, giai đoạn hình thành của phố cổ Hội An.","A Buddhist pagoda on Tran Phu street dedicated to Quan Am (Guanyin), the bodhisattva of compassion."
"destinations.json","A2 chua-quan-am / quiz[0].question","easy, AUTO-GENERATED — rewrite","Chùa Quan Âm nằm trên đường nào?","Which street is Quan Am Pagoda on?"
"destinations.json","A2 chua-quan-am / quiz[0].options[0]","","Nguyễn Thị Minh Khai","Nguyễn Thị Minh Khai"
"destinations.json","A2 chua-quan-am / quiz[0].options[1]","correct answer","Trần Phú","Trần Phú"
"destinations.json","A2 chua-quan-am / quiz[0].options[2]","","Nguyễn Thái Học","Nguyễn Thái Học"
"destinations.json","A2 chua-quan-am / quiz[1].question","easy, AUTO-GENERATED — rewrite","Chùa Quan Âm thuộc nhóm điểm đến nào?","Which kind of site is Quan Am Pagoda?"
"destinations.json","A2 chua-quan-am / quiz[1].options[0]","","Hội quán","Assembly halls"
"destinations.json","A2 chua-quan-am / quiz[1].options[1]","","Nhà cổ","Old houses"
"destinations.json","A2 chua-quan-am / quiz[1].options[2]","correct answer","Di tích","Heritage"
"destinations.json","A2 chua-quan-am / quiz[2].question","hard, AUTO-GENERATED — rewrite","Giờ mở cửa của Chùa Quan Âm là?","What are the opening hours of Quan Am Pagoda?"
"destinations.json","A2 chua-quan-am / quiz[2].options[0]","correct answer","7:30 - 19:30","7:30 - 19:30"
"destinations.json","A2 chua-quan-am / quiz[2].options[1]","","7:00 - 22:00","7:00 - 22:00"
"destinations.json","A2 chua-quan-am / quiz[2].options[2]","","8:00 - 18:00","8:00 - 18:00"
"destinations.json","A3 mieu-quan-cong / name","","Miếu Quan Công","Quan Cong Temple"
"destinations.json","A3 mieu-quan-cong / address","","24 Trần Phú","24 Trần Phú"
"destinations.json","A3 mieu-quan-cong / hours","","7:30 - 19:30","7:30 - 19:30"
"destinations.json","A3 mieu-quan-cong / description","","Miếu Quan Công, ở số 24 đường Trần Phú còn được gọi Chùa Ông, tên chữ là Trừng Hán Cung được người làng Minh Hương và người Việt tại Hội An xây dựng vào khoảng giữa thế kỷ XVII, thờ Quan Công – danh tướng thời Tam Quốc, nhằm tán dương lòng nghĩa khí, tiết trung liệt của Ông.","Also called Chua Ong, built in 1653 to worship Quan Cong (Guan Yu), a symbol of loyalty and righteousness."
"destinations.json","A3 mieu-quan-cong / quiz[0].question","easy","Miếu Quan Công thờ nhân vật nào?","Whom does the temple worship?"
"destinations.json","A3 mieu-quan-cong / quiz[0].options[0]","correct answer","Quan Vân Trường","Quan Cong (Guan Yu)"
"destinations.json","A3 mieu-quan-cong / quiz[0].options[1]","","Khổng Tử","Confucius"
"destinations.json","A3 mieu-quan-cong / quiz[0].options[2]","","Trần Hưng Đạo","Tran Hung Dao"
"destinations.json","A3 mieu-quan-cong / quiz[1].question","easy","Miếu Quan Công còn có tên gọi dân gian là gì?","What is the temple's common name?"
"destinations.json","A3 mieu-quan-cong / quiz[1].options[0]","correct answer","Chùa Ông","Chua Ong"
"destinations.json","A3 mieu-quan-cong / quiz[1].options[1]","","Chùa Bà","Chua Ba"
"destinations.json","A3 mieu-quan-cong / quiz[1].options[2]","","Chùa Cầu","Chua Cau"
"destinations.json","A3 mieu-quan-cong / quiz[2].question","hard","Miếu Quan Công được xây dựng vào năm nào?","In what year was the temple built?"
"destinations.json","A3 mieu-quan-cong / quiz[2].options[0]","correct answer","1653","1653"
"destinations.json","A3 mieu-quan-cong / quiz[2].options[1]","","1719","1719"
"destinations.json","A3 mieu-quan-cong / quiz[2].options[2]","","1840","1840"
"destinations.json","A4 bao-tang-gom-su-mau-dich / name","","Bảo tàng Gốm sứ mậu dịch","Museum of Trade Ceramics"
"destinations.json","A4 bao-tang-gom-su-mau-dich / address","","80 Trần Phú","80 Trần Phú"
"destinations.json","A4 bao-tang-gom-su-mau-dich / hours","","7:00 - 21:00","7:00 - 21:00"
"destinations.json","A4 bao-tang-gom-su-mau-dich / description","","Nằm trong một ngôi nhà cổ hai tầng được xây dựng vào khoảng đầu thế kỷ XX nằm tại số 80 Trần Phú, thành phố Hội An, Bảo tàng Gốm sứ Mậu dịch là bảo tàng chuyên đề trưng bày các hiện vật gốm sứ được tìm thấy trong các di chỉ khảo cổ học gốm sứ tại Hội An, phản ánh con đường gốm sứ mậu dịch trên biển…","Displays over 430 trade-ceramic artifacts from the 8th–18th centuries, evidence of Hoi An's role as an international port."
"destinations.json","A4 bao-tang-gom-su-mau-dich / quiz[0].question","easy","Bảo tàng trưng bày loại hiện vật chính nào?","What artifacts does the museum mainly display?"
"destinations.json","A4 bao-tang-gom-su-mau-dich / quiz[0].options[0]","correct answer","Gốm sứ mậu dịch","Trade ceramics"
"destinations.json","A4 bao-tang-gom-su-mau-dich / quiz[0].options[1]","","Tranh sơn mài","Lacquer paintings"
"destinations.json","A4 bao-tang-gom-su-mau-dich / quiz[0].options[2]","","Nhạc cụ","Musical instruments"
"destinations.json","A4 bao-tang-gom-su-mau-dich / quiz[1].question","easy","Các hiện vật gốm sứ phản ánh vai trò gì của Hội An?","What role of Hoi An do the ceramics reflect?"
"destinations.json","A4 bao-tang-gom-su-mau-dich / quiz[1].options[0]","correct answer","Thương cảng quốc tế","International trading port"
"destinations.json","A4 bao-tang-gom-su-mau-dich / quiz[1].options[1]","","Kinh đô","Royal capital"
"destinations.json","A4 bao-tang-gom-su-mau-dich / quiz[1].options[2]","","Pháo đài quân sự","Military fortress"
"destinations.json","A4 bao-tang-gom-su-mau-dich / quiz[2].question","hard","Hiện vật trong bảo tàng có niên đại khoảng thế kỷ mấy?","From around which centuries are the artifacts?"
"destinations.json","A4 bao-tang-gom-su-mau-dich / quiz[2].options[0]","correct answer","Thế kỷ 8–18","8th–18th century"
"destinations.json","A4 bao-tang-gom-su-mau-dich / quiz[2].options[1]","","Thế kỷ 1–5","1st–5th century"
"destinations.json","A4 bao-tang-gom-su-mau-dich / quiz[2].options[2]","","Thế kỷ 19–20","19th–20th century"
"destinations.json","A5 bao-tang-hoi-an / name","","Bảo tàng Hội An","Hoi An Museum"
"destinations.json","A5 bao-tang-hoi-an / address","","10B Trần Hưng Đạo","10B Trần Hưng Đạo"
"destinations.json","A5 bao-tang-hoi-an / hours","","7:30 - 11:30 13:30 - 17:30","7:30 - 11:30 13:30 - 17:30"
"destinations.json","A5 bao-tang-hoi-an / description","","Hội An là một thành phố nhỏ trực thuộc tỉnh Quảng Nam, nằm bên bờ bắc sông Thu Bồn cách Thành phố Đà Nẵng 30km về phía Nam. Thành phố Hội An có diện tích khoảng 60 km2, dân số hơn 90.000 người, gồm 9 phường , 3 xã đất liền và 1 xã đảo.","The general museum of the town: Sa Huynh, Champa and trading-port periods through to the modern city."
"destinations.json","A5 bao-tang-hoi-an / quiz[0].question","easy, AUTO-GENERATED — rewrite","Bảo tàng Hội An nằm trên đường nào?","Which street is Hoi An Museum on?"
"destinations.json","A5 bao-tang-hoi-an / quiz[0].options[0]","","Nguyễn Thị Minh Khai","Nguyễn Thị Minh Khai"
"destinations.json","A5 bao-tang-hoi-an / quiz[0].options[1]","correct answer","Trần Hưng Đạo","Trần Hưng Đạo"
"destinations.json","A5 bao-tang-hoi-an / quiz[0].options[2]","","Nguyễn Thái Học","Nguyễn Thái Học"
"destinations.json","A5 bao-tang-hoi-an / quiz[1].question","easy, AUTO-GENERATED — rewrite","Bảo tàng Hội An thuộc nhóm điểm đến nào?","Which kind of site is Hoi An Museum?"
"destinations.json","A5 bao-tang-hoi-an / quiz[1].options[0]","","Di tích","Heritage"
"destinations.json","A5 bao-tang-hoi-an / quiz[1].options[1]","","Hội quán","Assembly halls"
"destinations.json","A5 bao-tang-hoi-an / quiz[1].options[2]","correct answer","Bảo tàng","Museums"
"destinations.json","A5 bao-tang-hoi-an / quiz[2].question","hard, AUTO-GENERATED — rewrite","Giờ mở cửa của Bảo tàng Hội An là?","What are the opening hours of Hoi An Museum?"
"destinations.json","A5 bao-tang-hoi-an / quiz[2].options[0]","correct answer","7:30 - 11:30 13:30 - 17:30","7:30 - 11:30 13:30 - 17:30"
"destinations.json","A5 bao-tang-hoi-an / quiz[2].options[1]","","7:00 - 22:00","7:00 - 22:00"
"destinations.json","A5 bao-tang-hoi-an / quiz[2].options[2]","","8:00 - 18:00","8:00 - 18:00"
"destinations.json","A6 bao-tang-sa-huynh / name","","Bảo tàng Văn hóa Sa Huỳnh","Sa Huynh Culture Museum"
"destinations.json","A6 bao-tang-sa-huynh / address","","149 Trần Phú","149 Trần Phú"
"destinations.json","A6 bao-tang-sa-huynh / hours","","8:00 - 21:00","8:00 - 21:00"
"destinations.json","A6 bao-tang-sa-huynh / description","","Bảo tàng Văn hoá Sa Huỳnh tọa lạc tại một ngôi nhà cổ theo lối kiến trúc Pháp, nằm ở số 149 đường Trần Phú, Hội An, là nơi trưng bày bộ sưu tập đầy đủ và độc đáo gồm 971 hiện vật liên quan đến cư dân cổ thuộc hệ văn hoá Sa Huỳnh (niên đại cách nay hơn 2000 năm) - được coi là chủ nhân của tiền cảng -…","Burial jars, jewellery and tools of the Sa Huynh culture that lived here more than 2,000 years ago."
"destinations.json","A6 bao-tang-sa-huynh / quiz[0].question","easy, AUTO-GENERATED — rewrite","Bảo tàng Văn hóa Sa Huỳnh nằm trên đường nào?","Which street is Sa Huynh Culture Museum on?"
"destinations.json","A6 bao-tang-sa-huynh / quiz[0].options[0]","","Nguyễn Thị Minh Khai","Nguyễn Thị Minh Khai"
"destinations.json","A6 bao-tang-sa-huynh / quiz[0].options[1]","","Nguyễn Thái Học","Nguyễn Thái Học"
"destinations.json","A6 bao-tang-sa-huynh / quiz[0].options[2]","correct answer","Trần Phú","Trần Phú"
"destinations.json","A6 bao-tang-sa-huynh / quiz[1].question","easy, AUTO-GENERATED — rewrite","Bảo tàng Văn hóa Sa Huỳnh thuộc nhóm điểm đến nào?","Which kind of site is Sa Huynh Culture Museum?"
"destinations.json","A6 bao-tang-sa-huynh / quiz[1].options[0]","correct answer","Bảo tàng","Museums"
"destinations.json","A6 bao-tang-sa-huynh / quiz[1].options[1]","","Di tích","Heritage"
"destinations.json","A6 bao-tang-sa-huynh / quiz[1].options[2]","","Hội quán","Assembly halls"
"destinations.json","A6 bao-tang-sa-huynh / quiz[2].question","hard, AUTO-GENERATED — rewrite","Giờ mở cửa của Bảo tàng Văn hóa Sa Huỳnh là?","What are the opening hours of Sa Huynh Culture Museum?"
"destinations.json","A6 bao-tang-sa-huynh / quiz[2].options[0]","","7:00 - 22:00","7:00 - 22:00"
"destinations.json","A6 bao-tang-sa-huynh / quiz[2].options[1]","correct answer","8:00 - 21:00","8:00 - 21:00"
"destinations.json","A6 bao-tang-sa-huynh / quiz[2].options[2]","","8:00 - 18:00","8:00 - 18:00"
"destinations.json","A7 bao-tang-van-hoa-dan-gian / name","","Bảo tàng Văn hóa dân gian","Museum of Folk Culture"
"destinations.json","A7 bao-tang-van-hoa-dan-gian / address","","33 Nguyễn Thái Học","33 Nguyễn Thái Học"
"destinations.json","A7 bao-tang-van-hoa-dan-gian / hours","","8:00 - 21:30","8:00 - 21:30"
"destinations.json","A7 bao-tang-van-hoa-dan-gian / description","","Bảo tàng Văn hóa Dân gian tọa lạc tại một căn nhà cổ 2 tầng nằm ở số 33 đường Nguyễn Thái Học, Hội An, là nơi lưu giữ và cung cấp các thông tin có giá trị về nhiều nét đẹp văn hóa đặc sắc của cư dân địa phương.","A large two-storey wooden house showing the crafts, folk arts and everyday life of Hoi An."
"destinations.json","A7 bao-tang-van-hoa-dan-gian / quiz[0].question","easy, AUTO-GENERATED — rewrite","Bảo tàng Văn hóa dân gian nằm trên đường nào?","Which street is Museum of Folk Culture on?"
"destinations.json","A7 bao-tang-van-hoa-dan-gian / quiz[0].options[0]","correct answer","Nguyễn Thái Học","Nguyễn Thái Học"
"destinations.json","A7 bao-tang-van-hoa-dan-gian / quiz[0].options[1]","","Nguyễn Thị Minh Khai","Nguyễn Thị Minh Khai"
"destinations.json","A7 bao-tang-van-hoa-dan-gian / quiz[0].options[2]","","Trần Hưng Đạo","Trần Hưng Đạo"
"destinations.json","A7 bao-tang-van-hoa-dan-gian / quiz[1].question","easy, AUTO-GENERATED — rewrite","Bảo tàng Văn hóa dân gian thuộc nhóm điểm đến nào?","Which kind of site is Museum of Folk Culture?"
"destinations.json","A7 bao-tang-van-hoa-dan-gian / quiz[1].options[0]","","Di tích","Heritage"
"destinations.json","A7 bao-tang-van-hoa-dan-gian / quiz[1].options[1]","correct answer","Bảo tàng","Museums"
"destinations.json","A7 bao-tang-van-hoa-dan-gian / quiz[1].options[2]","","Hội quán","Assembly halls"
"destinations.json","A7 bao-tang-van-hoa-dan-gian / quiz[2].question","hard, AUTO-GENERATED — rewrite","Giờ mở cửa của Bảo tàng Văn hóa dân gian là?","What are the opening hours of Museum of Folk Culture?"
"destinations.json","A7 bao-tang-van-hoa-dan-gian / quiz[2].options[0]","","7:00 - 22:00","7:00 - 22:00"
"destinations.json","A7 bao-tang-van-hoa-dan-gian / quiz[2].options[1]","","8:00 - 18:00","8:00 - 18:00"
"destinations.json","A7 bao-tang-van-hoa-dan-gian / quiz[2].options[2]","correct answer","8:00 - 21:30","8:00 - 21:30"
"destinations.json","A8 bao-tang-nghe-y / name","","Bảo tàng nghề Y truyền thống","Museum of Traditional Medicine"
"destinations.json","A8 bao-tang-nghe-y / address","","34 Nguyễn Thái Học","34 Nguyễn Thái Học"
"destinations.json","A8 bao-tang-nghe-y / hours","","8:00 - 21:30","8:00 - 21:30"
"destinations.json","A8 bao-tang-nghe-y / description","","Traditional Vietnamese medicine: herb cabinets, scales, prescriptions and a reconstructed apothecary.","Traditional Vietnamese medicine: herb cabinets, scales, prescriptions and a reconstructed apothecary."
"destinations.json","A8 bao-tang-nghe-y / quiz[0].question","easy, AUTO-GENERATED — rewrite","Bảo tàng nghề Y truyền thống nằm trên đường nào?","Which street is Museum of Traditional Medicine on?"
"destinations.json","A8 bao-tang-nghe-y / quiz[0].options[0]","","Nguyễn Thị Minh Khai","Nguyễn Thị Minh Khai"
"destinations.json","A8 bao-tang-nghe-y / quiz[0].options[1]","correct answer","Nguyễn Thái Học","Nguyễn Thái Học"
"destinations.json","A8 bao-tang-nghe-y / quiz[0].options[2]","","Trần Hưng Đạo","Trần Hưng Đạo"
"destinations.json","A8 bao-tang-nghe-y / quiz[1].question","easy, AUTO-GENERATED — rewrite","Bảo tàng nghề Y truyền thống thuộc nhóm điểm đến nào?","Which kind of site is Museum of Traditional Medicine?"
"destinations.json","A8 bao-tang-nghe-y / quiz[1].options[0]","","Di tích","Heritage"
"destinations.json","A8 bao-tang-nghe-y / quiz[1].options[1]","","Hội quán","Assembly halls"
"destinations.json","A8 bao-tang-nghe-y / quiz[1].options[2]","correct answer","Bảo tàng","Museums"
"destinations.json","A8 bao-tang-nghe-y / quiz[2].question","hard, AUTO-GENERATED — rewrite","Giờ mở cửa của Bảo tàng nghề Y truyền thống là?","What are the opening hours of Museum of Traditional Medicine?"
"destinations.json","A8 bao-tang-nghe-y / quiz[2].options[0]","correct answer","8:00 - 21:30","8:00 - 21:30"
"destinations.json","A8 bao-tang-nghe-y / quiz[2].options[1]","","7:00 - 22:00","7:00 - 22:00"
"destinations.json","A8 bao-tang-nghe-y / quiz[2].options[2]","","8:00 - 18:00","8:00 - 18:00"
"destinations.json","A9 bao-tang-tho-san / name","","Bảo tàng Thổ sản","Museum of Local Products"
"destinations.json","A9 bao-tang-tho-san / address","","57 Trần Phú","57 Trần Phú"
"destinations.json","A9 bao-tang-tho-san / hours","","8:00 - 21:30","8:00 - 21:30"
"destinations.json","A9 bao-tang-tho-san / description","","Local produce and specialities of Quang Nam, and the river trade that carried them to the port.","Local produce and specialities of Quang Nam, and the river trade that carried them to the port."
"destinations.json","A9 bao-tang-tho-san / quiz[0].question","easy, AUTO-GENERATED — rewrite","Bảo tàng Thổ sản nằm trên đường nào?","Which street is Museum of Local Products on?"
"destinations.json","A9 bao-tang-tho-san / quiz[0].options[0]","","Nguyễn Thị Minh Khai","Nguyễn Thị Minh Khai"
"destinations.json","A9 bao-tang-tho-san / quiz[0].options[1]","","Nguyễn Thái Học","Nguyễn Thái Học"
"destinations.json","A9 bao-tang-tho-san / quiz[0].options[2]","correct answer","Trần Phú","Trần Phú"
"destinations.json","A9 bao-tang-tho-san / quiz[1].question","easy, AUTO-GENERATED — rewrite","Bảo tàng Thổ sản thuộc nhóm điểm đến nào?","Which kind of site is Museum of Local Products?"
"destinations.json","A9 bao-tang-tho-san / quiz[1].options[0]","correct answer","Bảo tàng","Museums"
"destinations.json","A9 bao-tang-tho-san / quiz[1].options[1]","","Di tích","Heritage"
"destinations.json","A9 bao-tang-tho-san / quiz[1].options[2]","","Hội quán","Assembly halls"
"destinations.json","A9 bao-tang-tho-san / quiz[2].question","hard, AUTO-GENERATED — rewrite","Giờ mở cửa của Bảo tàng Thổ sản là?","What are the opening hours of Museum of Local Products?"
"destinations.json","A9 bao-tang-tho-san / quiz[2].options[0]","","7:00 - 22:00","7:00 - 22:00"
"destinations.json","A9 bao-tang-tho-san / quiz[2].options[1]","correct answer","8:00 - 21:30","8:00 - 21:30"
"destinations.json","A9 bao-tang-tho-san / quiz[2].options[2]","","8:00 - 18:00","8:00 - 18:00"
"destinations.json","A10 nha-trung-bay-nhat-ban / name","","Nhà trưng bày Văn hóa Nhật Bản","Japanese Culture Exhibition House"
"destinations.json","A10 nha-trung-bay-nhat-ban / address","","6 Nguyễn Thị Minh Khai","6 Nguyễn Thị Minh Khai"
"destinations.json","A10 nha-trung-bay-nhat-ban / hours","","Liên hệ ban tổ chức","Check with organisers"
"destinations.json","A10 nha-trung-bay-nhat-ban / description","","Exhibition on the Japanese quarter of old Hoi An and the archaeology of Japanese trade in the town.","Exhibition on the Japanese quarter of old Hoi An and the archaeology of Japanese trade in the town."
"destinations.json","A10 nha-trung-bay-nhat-ban / quiz[0].question","easy, AUTO-GENERATED — rewrite","Nhà trưng bày Văn hóa Nhật Bản nằm trên đường nào?","Which street is Japanese Culture Exhibition House on?"
"destinations.json","A10 nha-trung-bay-nhat-ban / quiz[0].options[0]","correct answer","Nguyễn Thị Minh Khai","Nguyễn Thị Minh Khai"
"destinations.json","A10 nha-trung-bay-nhat-ban / quiz[0].options[1]","","Trần Phú","Trần Phú"
"destinations.json","A10 nha-trung-bay-nhat-ban / quiz[0].options[2]","","Nguyễn Thái Học","Nguyễn Thái Học"
"destinations.json","A10 nha-trung-bay-nhat-ban / quiz[1].question","easy, AUTO-GENERATED — rewrite","Nhà trưng bày Văn hóa Nhật Bản thuộc nhóm điểm đến nào?","Which kind of site is Japanese Culture Exhibition House?"
"destinations.json","A10 nha-trung-bay-nhat-ban / quiz[1].options[0]","","Di tích","Heritage"
"destinations.json","A10 nha-trung-bay-nhat-ban / quiz[1].options[1]","correct answer","Bảo tàng","Museums"
"destinations.json","A10 nha-trung-bay-nhat-ban / quiz[1].options[2]","","Hội quán","Assembly halls"
"destinations.json","A11 nha-bieu-dien-nghe-thuat / name","","Nhà biểu diễn nghệ thuật cổ truyền Hội An","Traditional Art Performance House"
"destinations.json","A11 nha-bieu-dien-nghe-thuat / address","","Khu phố cổ Hội An","Hoi An Ancient Town"
"destinations.json","A11 nha-bieu-dien-nghe-thuat / hours","","Liên hệ ban tổ chức","Check with organisers"
"destinations.json","A11 nha-bieu-dien-nghe-thuat / description","","Nhà Biểu diễn nghệ thuật cổ truyền được thành lập từ năm 1996 đến nay, các chương trình nghệ thuật đã mang lại nhiều mỹ cảm và sự thích thú cho đông đảo người xem trong nước và quốc tế.","Stage for traditional music, bai choi singing and folk dance performances."
"destinations.json","A11 nha-bieu-dien-nghe-thuat / quiz[0].question","easy, AUTO-GENERATED — rewrite","Nhà biểu diễn nghệ thuật cổ truyền Hội An thuộc nhóm điểm đến nào?","Which kind of site is Traditional Art Performance House?"
"destinations.json","A11 nha-bieu-dien-nghe-thuat / quiz[0].options[0]","","Di tích","Heritage"
"destinations.json","A11 nha-bieu-dien-nghe-thuat / quiz[0].options[1]","","Hội quán","Assembly halls"
"destinations.json","A11 nha-bieu-dien-nghe-thuat / quiz[0].options[2]","correct answer","Trình diễn","Performances"
"destinations.json","A12 nha-tho-toc-tran / name","","Nhà thờ tộc Trần","Tran Family Chapel"
"destinations.json","A12 nha-tho-toc-tran / address","","21 Lê Lợi","21 Lê Lợi"
"destinations.json","A12 nha-tho-toc-tran / hours","","7:00 - 21:00 (trừ Chủ nhật và Thứ hai đóng cửa lúc 18:00)","7:00 - 21:00 (trừ Chủ nhật và Thứ hai đóng cửa lúc 18:00)"
"destinations.json","A12 nha-tho-toc-tran / description","","A 200-year-old family worship house built by a mandarin of the Tran clan, set in a walled garden.","A 200-year-old family worship house built by a mandarin of the Tran clan, set in a walled garden."
"destinations.json","A12 nha-tho-toc-tran / quiz[0].question","easy, AUTO-GENERATED — rewrite","Nhà thờ tộc Trần nằm trên đường nào?","Which street is Tran Family Chapel on?"
"destinations.json","A12 nha-tho-toc-tran / quiz[0].options[0]","","Nguyễn Thị Minh Khai","Nguyễn Thị Minh Khai"
"destinations.json","A12 nha-tho-toc-tran / quiz[0].options[1]","","Trần Hưng Đạo","Trần Hưng Đạo"
"destinations.json","A12 nha-tho-toc-tran / quiz[0].options[2]","correct answer","Lê Lợi","Lê Lợi"
"destinations.json","A12 nha-tho-toc-tran / quiz[1].question","easy, AUTO-GENERATED — rewrite","Nhà thờ tộc Trần thuộc nhóm điểm đến nào?","Which kind of site is Tran Family Chapel?"
"destinations.json","A12 nha-tho-toc-tran / quiz[1].options[0]","correct answer","Nhà cổ","Old houses"
"destinations.json","A12 nha-tho-toc-tran / quiz[1].options[1]","","Di tích","Heritage"
"destinations.json","A12 nha-tho-toc-tran / quiz[1].options[2]","","Hội quán","Assembly halls"
"destinations.json","A12 nha-tho-toc-tran / quiz[2].question","hard, AUTO-GENERATED — rewrite","Giờ mở cửa của Nhà thờ tộc Trần là?","What are the opening hours of Tran Family Chapel?"
"destinations.json","A12 nha-tho-toc-tran / quiz[2].options[0]","","7:00 - 22:00","7:00 - 22:00"
"destinations.json","A12 nha-tho-toc-tran / quiz[2].options[1]","correct answer","7:00 - 21:00 (trừ Chủ nhật và Thứ hai đóng cửa lúc 18:00)","7:00 - 21:00 (trừ Chủ nhật và Thứ hai đóng cửa lúc 18:00)"
"destinations.json","A12 nha-tho-toc-tran / quiz[2].options[2]","","8:00 - 18:00","8:00 - 18:00"
"destinations.json","A13 nha-tho-toc-nguyen-tuong / name","","Nhà thờ tộc Nguyễn Tường","Nguyen Tuong Family Chapel"
"destinations.json","A13 nha-tho-toc-nguyen-tuong / address","","8/2 Nguyễn Thị Minh Khai","8/2 Nguyễn Thị Minh Khai"
"destinations.json","A13 nha-tho-toc-nguyen-tuong / hours","","8:00 - 21:00","8:00 - 21:00"
"destinations.json","A13 nha-tho-toc-nguyen-tuong / description","","Nằm tại số 8/2 đường Nguyễn Thị Minh Khai, Hội An, nhà thờ tộc Nguyễn Tường được khởi dựng năm 1806, vốn là tư dinh của cụ Nguyễn Tường Vân, làm quan dưới thời Gia Long triều Nguyễn, được thăng chức Binh bộ Thượng thư vào năm Minh Mạng thứ nhất (1820).","Ancestral chapel of the Nguyen Tuong clan, a family of mandarins and writers."
"destinations.json","A13 nha-tho-toc-nguyen-tuong / quiz[0].question","easy, AUTO-GENERATED — rewrite","Nhà thờ tộc Nguyễn Tường nằm trên đường nào?","Which street is Nguyen Tuong Family Chapel on?"
"destinations.json","A13 nha-tho-toc-nguyen-tuong / quiz[0].options[0]","correct answer","Nguyễn Thị Minh Khai","Nguyễn Thị Minh Khai"
"destinations.json","A13 nha-tho-toc-nguyen-tuong / quiz[0].options[1]","","Trần Phú","Trần Phú"
"destinations.json","A13 nha-tho-toc-nguyen-tuong / quiz[0].options[2]","","Nguyễn Thái Học","Nguyễn Thái Học"
"destinations.json","A13 nha-tho-toc-nguyen-tuong / quiz[1].question","easy, AUTO-GENERATED — rewrite","Nhà thờ tộc Nguyễn Tường thuộc nhóm điểm đến nào?","Which kind of site is Nguyen Tuong Family Chapel?"
"destinations.json","A13 nha-tho-toc-nguyen-tuong / quiz[1].options[0]","","Di tích","Heritage"
"destinations.json","A13 nha-tho-toc-nguyen-tuong / quiz[1].options[1]","correct answer","Nhà cổ","Old houses"
"destinations.json","A13 nha-tho-toc-nguyen-tuong / quiz[1].options[2]","","Hội quán","Assembly halls"
"destinations.json","A13 nha-tho-toc-nguyen-tuong / quiz[2].question","hard, AUTO-GENERATED — rewrite","Giờ mở cửa của Nhà thờ tộc Nguyễn Tường là?","What are the opening hours of Nguyen Tuong Family Chapel?"
"destinations.json","A13 nha-tho-toc-nguyen-tuong / quiz[2].options[0]","","7:00 - 22:00","7:00 - 22:00"
"destinations.json","A13 nha-tho-toc-nguyen-tuong / quiz[2].options[1]","","8:00 - 18:00","8:00 - 18:00"
"destinations.json","A13 nha-tho-toc-nguyen-tuong / quiz[2].options[2]","correct answer","8:00 - 21:00","8:00 - 21:00"
"destinations.json","A14 nha-co-phung-hung / name","","Nhà cổ Phùng Hưng","Phung Hung Old House"
"destinations.json","A14 nha-co-phung-hung / address","","4 Nguyễn Thị Minh Khai","4 Nguyễn Thị Minh Khai"
"destinations.json","A14 nha-co-phung-hung / hours","","8:00 - 18:00","8:00 - 18:00"
"destinations.json","A14 nha-co-phung-hung / description","","Nhà cổ Phùng Hưng nằm về phía Tây của cầu Nhật Bản khoảng 10m, có địa chỉ số 04 - Nguyễn Thị Minh Khai. Nhà được xây dựng cách đây khoảng hơn 100 năm, là nơi sinh sống của nhiều thế hệ nối tiếp nhau thuộc một gia đình.","A two-storey merchant house blending Vietnamese, Japanese and Chinese carpentry, still lived in by the family."
"destinations.json","A14 nha-co-phung-hung / quiz[0].question","easy, AUTO-GENERATED — rewrite","Nhà cổ Phùng Hưng nằm trên đường nào?","Which street is Phung Hung Old House on?"
"destinations.json","A14 nha-co-phung-hung / quiz[0].options[0]","","Trần Phú","Trần Phú"
"destinations.json","A14 nha-co-phung-hung / quiz[0].options[1]","correct answer","Nguyễn Thị Minh Khai","Nguyễn Thị Minh Khai"
"destinations.json","A14 nha-co-phung-hung / quiz[0].options[2]","","Nguyễn Thái Học","Nguyễn Thái Học"
"destinations.json","A14 nha-co-phung-hung / quiz[1].question","easy, AUTO-GENERATED — rewrite","Nhà cổ Phùng Hưng thuộc nhóm điểm đến nào?","Which kind of site is Phung Hung Old House?"
"destinations.json","A14 nha-co-phung-hung / quiz[1].options[0]","","Di tích","Heritage"
"destinations.json","A14 nha-co-phung-hung / quiz[1].options[1]","","Hội quán","Assembly halls"
"destinations.json","A14 nha-co-phung-hung / quiz[1].options[2]","correct answer","Nhà cổ","Old houses"
"destinations.json","A14 nha-co-phung-hung / quiz[2].question","hard, AUTO-GENERATED — rewrite","Giờ mở cửa của Nhà cổ Phùng Hưng là?","What are the opening hours of Phung Hung Old House?"
"destinations.json","A14 nha-co-phung-hung / quiz[2].options[0]","correct answer","8:00 - 18:00","8:00 - 18:00"
"destinations.json","A14 nha-co-phung-hung / quiz[2].options[1]","","7:00 - 22:00","7:00 - 22:00"
"destinations.json","A14 nha-co-phung-hung / quiz[2].options[2]","","7:00 - 21:00 (trừ Chủ nhật và Thứ hai đóng cửa lúc 18:00)","7:00 - 21:00 (trừ Chủ nhật và Thứ hai đóng cửa lúc 18:00)"
"destinations.json","A15 nha-co-quan-thang / name","","Nhà cổ Quân Thắng","Quan Thang Ancient House"
"destinations.json","A15 nha-co-quan-thang / address","","77 Trần Phú","77 Trần Phú"
"destinations.json","A15 nha-co-quan-thang / hours","","9:00 - 19:00","9:00 - 19:00"
"destinations.json","A15 nha-co-quan-thang / description","","Nằm ở số 77 đường Trần Phú, thành phố Hội An, nhà cổ Quân Thắng là một trong những ngôi nhà cổ nhất và có kiến trúc độc đáo nhất ở phố cổ Hội An hiện còn được bảo tồn tương đối nguyên vẹn.","A small, finely carved house of Chinese-Fujian style, over 150 years old."
"destinations.json","A15 nha-co-quan-thang / quiz[0].question","easy, AUTO-GENERATED — rewrite","Nhà cổ Quân Thắng nằm trên đường nào?","Which street is Quan Thang Ancient House on?"
"destinations.json","A15 nha-co-quan-thang / quiz[0].options[0]","","Nguyễn Thị Minh Khai","Nguyễn Thị Minh Khai"
"destinations.json","A15 nha-co-quan-thang / quiz[0].options[1]","","Nguyễn Thái Học","Nguyễn Thái Học"
"destinations.json","A15 nha-co-quan-thang / quiz[0].options[2]","correct answer","Trần Phú","Trần Phú"
"destinations.json","A15 nha-co-quan-thang / quiz[1].question","easy, AUTO-GENERATED — rewrite","Nhà cổ Quân Thắng thuộc nhóm điểm đến nào?","Which kind of site is Quan Thang Ancient House?"
"destinations.json","A15 nha-co-quan-thang / quiz[1].options[0]","correct answer","Nhà cổ","Old houses"
"destinations.json","A15 nha-co-quan-thang / quiz[1].options[1]","","Di tích","Heritage"
"destinations.json","A15 nha-co-quan-thang / quiz[1].options[2]","","Hội quán","Assembly halls"
"destinations.json","A15 nha-co-quan-thang / quiz[2].question","hard, AUTO-GENERATED — rewrite","Giờ mở cửa của Nhà cổ Quân Thắng là?","What are the opening hours of Quan Thang Ancient House?"
"destinations.json","A15 nha-co-quan-thang / quiz[2].options[0]","","7:00 - 22:00","7:00 - 22:00"
"destinations.json","A15 nha-co-quan-thang / quiz[2].options[1]","correct answer","9:00 - 19:00","9:00 - 19:00"
"destinations.json","A15 nha-co-quan-thang / quiz[2].options[2]","","7:00 - 21:00 (trừ Chủ nhật và Thứ hai đóng cửa lúc 18:00)","7:00 - 21:00 (trừ Chủ nhật và Thứ hai đóng cửa lúc 18:00)"
"destinations.json","A16 nha-co-duc-an / name","","Nhà cổ Đức An","Duc An Old House"
"destinations.json","A16 nha-co-duc-an / address","","129 đường Trần Phú, Hội An","129 đường Trần Phú, Hội An"
"destinations.json","A16 nha-co-duc-an / hours","","9:00 - 19:00","9:00 - 19:00"
"destinations.json","A16 nha-co-duc-an / description","","A house that was a bookshop and a meeting point of early 20th-century patriots.","A house that was a bookshop and a meeting point of early 20th-century patriots."
"destinations.json","A16 nha-co-duc-an / quiz[0].question","easy, AUTO-GENERATED — rewrite","Nhà cổ Đức An nằm trên đường nào?","Which street is Duc An Old House on?"
"destinations.json","A16 nha-co-duc-an / quiz[0].options[0]","correct answer","Trần Phú","Trần Phú"
"destinations.json","A16 nha-co-duc-an / quiz[0].options[1]","","Nguyễn Thị Minh Khai","Nguyễn Thị Minh Khai"
"destinations.json","A16 nha-co-duc-an / quiz[0].options[2]","","Nguyễn Thái Học","Nguyễn Thái Học"
"destinations.json","A16 nha-co-duc-an / quiz[1].question","easy, AUTO-GENERATED — rewrite","Nhà cổ Đức An thuộc nhóm điểm đến nào?","Which kind of site is Duc An Old House?"
"destinations.json","A16 nha-co-duc-an / quiz[1].options[0]","","Di tích","Heritage"
"destinations.json","A16 nha-co-duc-an / quiz[1].options[1]","correct answer","Nhà cổ","Old houses"
"destinations.json","A16 nha-co-duc-an / quiz[1].options[2]","","Hội quán","Assembly halls"
"destinations.json","A16 nha-co-duc-an / quiz[2].question","hard, AUTO-GENERATED — rewrite","Giờ mở cửa của Nhà cổ Đức An là?","What are the opening hours of Duc An Old House?"
"destinations.json","A16 nha-co-duc-an / quiz[2].options[0]","","7:00 - 22:00","7:00 - 22:00"
"destinations.json","A16 nha-co-duc-an / quiz[2].options[1]","","7:00 - 21:00 (trừ Chủ nhật và Thứ hai đóng cửa lúc 18:00)","7:00 - 21:00 (trừ Chủ nhật và Thứ hai đóng cửa lúc 18:00)"
"destinations.json","A16 nha-co-duc-an / quiz[2].options[2]","correct answer","9:00 - 19:00","9:00 - 19:00"
"destinations.json","A17 nha-co-tan-ky / name","","Nhà cổ Tấn Ký","Tan Ky Old House"
"destinations.json","A17 nha-co-tan-ky / address","","101 Nguyễn Thái Học","101 Nguyễn Thái Học"
"destinations.json","A17 nha-co-tan-ky / hours","","8:30 - 18:00","8:30 - 18:00"
"destinations.json","A17 nha-co-tan-ky / description","","Trong hơn 1.000 nhà cổ hiện nay ở Đô thị cổ Hội An, nhà cổ Tấn Ký số 101 đường Nguyễn Thái Học nổi tiếng với du khách gần xa với các giá trị về lịch sử văn hoá, về kiến trúc và cả mỹ thuật điêu khắc gỗ.","A 200-year-old house blending Vietnamese, Japanese and Chinese architecture, recognized as a national heritage site."
"destinations.json","A17 nha-co-tan-ky / quiz[0].question","easy","Nhà cổ Tấn Ký khoảng bao nhiêu năm tuổi?","About how old is the Tan Ky house?"
"destinations.json","A17 nha-co-tan-ky / quiz[0].options[0]","correct answer","Hơn 200 năm","Over 200 years"
"destinations.json","A17 nha-co-tan-ky / quiz[0].options[1]","","Khoảng 50 năm","About 50 years"
"destinations.json","A17 nha-co-tan-ky / quiz[0].options[2]","","Hơn 500 năm","Over 500 years"
"destinations.json","A17 nha-co-tan-ky / quiz[1].question","easy","Kiến trúc nhà cổ Tấn Ký kết hợp những nền văn hóa nào?","Which cultures does its architecture blend?"
"destinations.json","A17 nha-co-tan-ky / quiz[1].options[0]","correct answer","Việt – Nhật – Hoa","Viet – Japanese – Chinese"
"destinations.json","A17 nha-co-tan-ky / quiz[1].options[1]","","Việt – Pháp – Hoa","Viet – French – Chinese"
"destinations.json","A17 nha-co-tan-ky / quiz[1].options[2]","","Nhật – Hoa – Ấn","Japanese – Chinese – Indian"
"destinations.json","A17 nha-co-tan-ky / quiz[2].question","hard","Vì sao nhà có mặt trước ra phố, mặt sau ra sông?","Why does the house face the street in front and the river behind?"
"destinations.json","A17 nha-co-tan-ky / quiz[2].options[0]","correct answer","Để buôn bán và bốc dỡ hàng","For trade and unloading goods"
"destinations.json","A17 nha-co-tan-ky / quiz[2].options[1]","","Để tránh gió bão","To avoid storms"
"destinations.json","A17 nha-co-tan-ky / quiz[2].options[2]","","Theo phong thủy","For feng shui only"
"destinations.json","A18 hoi-quan-quang-trieu / name","","Hội quán Quảng Triệu","Cantonese Assembly Hall"
"destinations.json","A18 hoi-quan-quang-trieu / address","","176 Trần Phú","176 Trần Phú"
"destinations.json","A18 hoi-quan-quang-trieu / hours","","8:00 - 17:00","8:00 - 17:00"
"destinations.json","A18 hoi-quan-quang-trieu / description","","Hội quán Quảng Đông (hay còn gọi là Hội quán Quảng Triệu) nằm tại số 176 đường Trần Phú, Hội An. Công trình được Hoa kiều bang Quảng Đông tại Hội An và các vùng lân cận xây dựng vào năm 1885 làm nơi sinh hoạt cộng đồng và tín ngưỡng.","Also known as the Guangdong hall, famous for its intricate ceramic mosaics and elaborately carved wood and stone columns."
"destinations.json","A18 hoi-quan-quang-trieu / quiz[0].question","easy","Hội quán Quảng Triệu còn được gọi là gì?","What is this hall also called?"
"destinations.json","A18 hoi-quan-quang-trieu / quiz[0].options[0]","correct answer","Hội quán Quảng Đông","Guangdong Hall"
"destinations.json","A18 hoi-quan-quang-trieu / quiz[0].options[1]","","Hội quán Hải Nam","Hainan Hall"
"destinations.json","A18 hoi-quan-quang-trieu / quiz[0].options[2]","","Hội quán Triều Châu","Chaozhou Hall"
"destinations.json","A18 hoi-quan-quang-trieu / quiz[1].question","easy","Nghệ thuật trang trí nổi bật của hội quán là gì?","What decorative art is the hall known for?"
"destinations.json","A18 hoi-quan-quang-trieu / quiz[1].options[0]","correct answer","Ghép sành sứ","Ceramic mosaic"
"destinations.json","A18 hoi-quan-quang-trieu / quiz[1].options[1]","","Sơn mài","Lacquer"
"destinations.json","A18 hoi-quan-quang-trieu / quiz[1].options[2]","","Thêu lụa","Silk embroidery"
"destinations.json","A18 hoi-quan-quang-trieu / quiz[2].question","hard","Vật liệu nào được dùng cho các cột chạm khắc của hội quán?","Which materials form the hall's carved columns?"
"destinations.json","A18 hoi-quan-quang-trieu / quiz[2].options[0]","correct answer","Gỗ và đá","Wood and stone"
"destinations.json","A18 hoi-quan-quang-trieu / quiz[2].options[1]","","Gạch nung","Fired brick"
"destinations.json","A18 hoi-quan-quang-trieu / quiz[2].options[2]","","Kim loại","Metal"
"destinations.json","A19 hoi-quan-phuc-kien / name","","Hội quán Phúc Kiến","Fujian Assembly Hall"
"destinations.json","A19 hoi-quan-phuc-kien / address","","46 Trần Phú","46 Trần Phú"
"destinations.json","A19 hoi-quan-phuc-kien / hours","","7:00 - 18:00","7:00 - 18:00"
"destinations.json","A19 hoi-quan-phuc-kien / description","","Hội quán Phúc Kiến tọa lạc tại số 46 đường Trần Phú, Hội An, trên một khuôn đất cao ráo quay mặt về hướng Nam. Công trình được bà con người Hoa bang Phước Kiến tại Hội An cho xây dựng năm 1757 trên nền một ngôi chùa Việt cổ có tên “Kim Sơn Tự”, dùng cho việc thờ tự các vị thần bảo hộ, các vị tiền hi…","The largest and most ornate assembly hall in Hoi An, dedicated to Thien Hau, protector goddess of seafaring merchants of the Fujian community."
"destinations.json","A19 hoi-quan-phuc-kien / quiz[0].question","easy","Hội quán Phúc Kiến chủ yếu thờ vị thần nào?","Which deity does the hall mainly worship?"
"destinations.json","A19 hoi-quan-phuc-kien / quiz[0].options[0]","correct answer","Thiên Hậu Thánh Mẫu","Goddess Thien Hau"
"destinations.json","A19 hoi-quan-phuc-kien / quiz[0].options[1]","","Quan Công","Quan Cong"
"destinations.json","A19 hoi-quan-phuc-kien / quiz[0].options[2]","","Thần Tài","God of Wealth"
"destinations.json","A19 hoi-quan-phuc-kien / quiz[1].question","easy","Hội quán này của cộng đồng người Hoa gốc nào?","Which Chinese community built this hall?"
"destinations.json","A19 hoi-quan-phuc-kien / quiz[1].options[0]","correct answer","Phúc Kiến","Fujian"
"destinations.json","A19 hoi-quan-phuc-kien / quiz[1].options[1]","","Quảng Đông","Canton"
"destinations.json","A19 hoi-quan-phuc-kien / quiz[1].options[2]","","Hải Nam","Hainan"
"destinations.json","A19 hoi-quan-phuc-kien / quiz[2].question","hard","Thiên Hậu Thánh Mẫu là vị thần bảo hộ cho ai?","Thien Hau is the protector of whom?"
"destinations.json","A19 hoi-quan-phuc-kien / quiz[2].options[0]","correct answer","Thương nhân đi biển","Seafaring merchants"
"destinations.json","A19 hoi-quan-phuc-kien / quiz[2].options[1]","","Nông dân","Farmers"
"destinations.json","A19 hoi-quan-phuc-kien / quiz[2].options[2]","","Học trò","Students"
"destinations.json","A20 hoi-quan-hai-nam / name","","Hội quán Hải Nam","Hainan Assembly Hall"
"destinations.json","A20 hoi-quan-hai-nam / address","","10 Trần Phú","10 Trần Phú"
"destinations.json","A20 hoi-quan-hai-nam / hours","","9:00 - 21:00","9:00 - 21:00"
"destinations.json","A20 hoi-quan-hai-nam / description","","Built by the Hainan community in memory of 108 merchants lost at sea in 1851.","Built by the Hainan community in memory of 108 merchants lost at sea in 1851."
"destinations.json","A20 hoi-quan-hai-nam / quiz[0].question","easy, AUTO-GENERATED — rewrite","Hội quán Hải Nam nằm trên đường nào?","Which street is Hainan Assembly Hall on?"
"destinations.json","A20 hoi-quan-hai-nam / quiz[0].options[0]","","Nguyễn Thị Minh Khai","Nguyễn Thị Minh Khai"
"destinations.json","A20 hoi-quan-hai-nam / quiz[0].options[1]","correct answer","Trần Phú","Trần Phú"
"destinations.json","A20 hoi-quan-hai-nam / quiz[0].options[2]","","Nguyễn Thái Học","Nguyễn Thái Học"
"destinations.json","A20 hoi-quan-hai-nam / quiz[1].question","easy, AUTO-GENERATED — rewrite","Hội quán Hải Nam thuộc nhóm điểm đến nào?","Which kind of site is Hainan Assembly Hall?"
"destinations.json","A20 hoi-quan-hai-nam / quiz[1].options[0]","","Di tích","Heritage"
"destinations.json","A20 hoi-quan-hai-nam / quiz[1].options[1]","","Nhà cổ","Old houses"
"destinations.json","A20 hoi-quan-hai-nam / quiz[1].options[2]","correct answer","Hội quán","Assembly halls"
"destinations.json","A20 hoi-quan-hai-nam / quiz[2].question","hard, AUTO-GENERATED — rewrite","Giờ mở cửa của Hội quán Hải Nam là?","What are the opening hours of Hainan Assembly Hall?"
"destinations.json","A20 hoi-quan-hai-nam / quiz[2].options[0]","correct answer","9:00 - 21:00","9:00 - 21:00"
"destinations.json","A20 hoi-quan-hai-nam / quiz[2].options[1]","","7:00 - 22:00","7:00 - 22:00"
"destinations.json","A20 hoi-quan-hai-nam / quiz[2].options[2]","","7:00 - 21:00 (trừ Chủ nhật và Thứ hai đóng cửa lúc 18:00)","7:00 - 21:00 (trừ Chủ nhật và Thứ hai đóng cửa lúc 18:00)"
"destinations.json","A21 hoi-quan-trieu-chau / name","","Hội quán Triều Châu","Teochew Assembly Hall"
"destinations.json","A21 hoi-quan-trieu-chau / address","","362 Nguyễn Duy Hiệu","362 Nguyễn Duy Hiệu"
"destinations.json","A21 hoi-quan-trieu-chau / hours","","8:00 - 17:00 (có nghỉ trưa)","8:00 - 17:00 (có nghỉ trưa)"
"destinations.json","A21 hoi-quan-trieu-chau / description","","Chaozhou community hall renowned for its wood carving and porcelain-inlay decoration.","Chaozhou community hall renowned for its wood carving and porcelain-inlay decoration."
"destinations.json","A21 hoi-quan-trieu-chau / quiz[0].question","easy, AUTO-GENERATED — rewrite","Hội quán Triều Châu nằm trên đường nào?","Which street is Teochew Assembly Hall on?"
"destinations.json","A21 hoi-quan-trieu-chau / quiz[0].options[0]","","Nguyễn Thị Minh Khai","Nguyễn Thị Minh Khai"
"destinations.json","A21 hoi-quan-trieu-chau / quiz[0].options[1]","","Trần Hưng Đạo","Trần Hưng Đạo"
"destinations.json","A21 hoi-quan-trieu-chau / quiz[0].options[2]","correct answer","Nguyễn Duy Hiệu","Nguyễn Duy Hiệu"
"destinations.json","A21 hoi-quan-trieu-chau / quiz[1].question","easy, AUTO-GENERATED — rewrite","Hội quán Triều Châu thuộc nhóm điểm đến nào?","Which kind of site is Teochew Assembly Hall?"
"destinations.json","A21 hoi-quan-trieu-chau / quiz[1].options[0]","correct answer","Hội quán","Assembly halls"
"destinations.json","A21 hoi-quan-trieu-chau / quiz[1].options[1]","","Di tích","Heritage"
"destinations.json","A21 hoi-quan-trieu-chau / quiz[1].options[2]","","Nhà cổ","Old houses"
"destinations.json","A21 hoi-quan-trieu-chau / quiz[2].question","hard, AUTO-GENERATED — rewrite","Giờ mở cửa của Hội quán Triều Châu là?","What are the opening hours of Teochew Assembly Hall?"
"destinations.json","A21 hoi-quan-trieu-chau / quiz[2].options[0]","","7:00 - 22:00","7:00 - 22:00"
"destinations.json","A21 hoi-quan-trieu-chau / quiz[2].options[1]","correct answer","8:00 - 17:00 (có nghỉ trưa)","8:00 - 17:00 (có nghỉ trưa)"
"destinations.json","A21 hoi-quan-trieu-chau / quiz[2].options[2]","","7:00 - 21:00 (trừ Chủ nhật và Thứ hai đóng cửa lúc 18:00)","7:00 - 21:00 (trừ Chủ nhật và Thứ hai đóng cửa lúc 18:00)"
"destinations.json","A22 dinh-cam-pho / name","","Đình Cẩm Phô","Cam Pho Communal House"
"destinations.json","A22 dinh-cam-pho / address","","52 Nguyễn Thị Minh Khai","52 Nguyễn Thị Minh Khai"
"destinations.json","A22 dinh-cam-pho / hours","","8:00 - 21:00","8:00 - 21:00"
"destinations.json","A22 dinh-cam-pho / description","","The communal house of Cam Pho village, where the tutelary gods of the old settlement are worshipped.","The communal house of Cam Pho village, where the tutelary gods of the old settlement are worshipped."
"destinations.json","A22 dinh-cam-pho / quiz[0].question","easy, AUTO-GENERATED — rewrite","Đình Cẩm Phô nằm trên đường nào?","Which street is Cam Pho Communal House on?"
"destinations.json","A22 dinh-cam-pho / quiz[0].options[0]","correct answer","Nguyễn Thị Minh Khai","Nguyễn Thị Minh Khai"
"destinations.json","A22 dinh-cam-pho / quiz[0].options[1]","","Trần Phú","Trần Phú"
"destinations.json","A22 dinh-cam-pho / quiz[0].options[2]","","Nguyễn Thái Học","Nguyễn Thái Học"
"destinations.json","A22 dinh-cam-pho / quiz[1].question","easy, AUTO-GENERATED — rewrite","Đình Cẩm Phô thuộc nhóm điểm đến nào?","Which kind of site is Cam Pho Communal House?"
"destinations.json","A22 dinh-cam-pho / quiz[1].options[0]","","Hội quán","Assembly halls"
"destinations.json","A22 dinh-cam-pho / quiz[1].options[1]","correct answer","Di tích","Heritage"
"destinations.json","A22 dinh-cam-pho / quiz[1].options[2]","","Nhà cổ","Old houses"
"destinations.json","A22 dinh-cam-pho / quiz[2].question","hard, AUTO-GENERATED — rewrite","Giờ mở cửa của Đình Cẩm Phô là?","What are the opening hours of Cam Pho Communal House?"
"destinations.json","A22 dinh-cam-pho / quiz[2].options[0]","","7:00 - 22:00","7:00 - 22:00"
"destinations.json","A22 dinh-cam-pho / quiz[2].options[1]","","8:00 - 18:00","8:00 - 18:00"
"destinations.json","A22 dinh-cam-pho / quiz[2].options[2]","correct answer","8:00 - 21:00","8:00 - 21:00"
"destinations.json","A23 tuy-tien-duong-minh-huong / name","","Tụy Tiên Đường Minh Hương","Minh Huong Communal House"
"destinations.json","A23 tuy-tien-duong-minh-huong / address","","14 Trần Phú","14 Trần Phú"
"destinations.json","A23 tuy-tien-duong-minh-huong / hours","","Liên hệ ban tổ chức","Check with organisers"
"destinations.json","A23 tuy-tien-duong-minh-huong / description","","Minh Hương Tụy Tiên Đường nằm ở số 14 đường Trần Phú - Hội An, còn gọi là Đình tiền hiền Minh Hương, là công trình kiến trúc tín ngưỡng do người Minh Hương dựng nên để thờ cúng các bậc tiền hiền khai lập làng Minh Hương, một trong những làng cổ ở Hội An gắn với quá trình di cư của cộng đồng người Ho…","Worship house of the Minh Huong community — Chinese settlers who became Vietnamese citizens."
"destinations.json","A23 tuy-tien-duong-minh-huong / quiz[0].question","easy, AUTO-GENERATED — rewrite","Tụy Tiên Đường Minh Hương nằm trên đường nào?","Which street is Minh Huong Communal House on?"
"destinations.json","A23 tuy-tien-duong-minh-huong / quiz[0].options[0]","","Nguyễn Thị Minh Khai","Nguyễn Thị Minh Khai"
"destinations.json","A23 tuy-tien-duong-minh-huong / quiz[0].options[1]","correct answer","Trần Phú","Trần Phú"
"destinations.json","A23 tuy-tien-duong-minh-huong / quiz[0].options[2]","","Nguyễn Thái Học","Nguyễn Thái Học"
"destinations.json","A23 tuy-tien-duong-minh-huong / quiz[1].question","easy, AUTO-GENERATED — rewrite","Tụy Tiên Đường Minh Hương thuộc nhóm điểm đến nào?","Which kind of site is Minh Huong Communal House?"
"destinations.json","A23 tuy-tien-duong-minh-huong / quiz[1].options[0]","","Hội quán","Assembly halls"
"destinations.json","A23 tuy-tien-duong-minh-huong / quiz[1].options[1]","","Nhà cổ","Old houses"
"destinations.json","A23 tuy-tien-duong-minh-huong / quiz[1].options[2]","correct answer","Di tích","Heritage"
"destinations.json","A24 dinh-hoi-an / name","","Đình Hội An","Hoi An Communal House"
"destinations.json","A24 dinh-hoi-an / address","","Trên đường Lê Lợi","Trên đường Lê Lợi"
"destinations.json","A24 dinh-hoi-an / hours","","Liên hệ ban tổ chức","Check with organisers"
"destinations.json","A24 dinh-hoi-an / description","","Communal house on Le Loi street, a village worship site inside the old town.","Communal house on Le Loi street, a village worship site inside the old town."
"destinations.json","A24 dinh-hoi-an / quiz[0].question","easy, AUTO-GENERATED — rewrite","Đình Hội An nằm trên đường nào?","Which street is Hoi An Communal House on?"
"destinations.json","A24 dinh-hoi-an / quiz[0].options[0]","","Nguyễn Thị Minh Khai","Nguyễn Thị Minh Khai"
"destinations.json","A24 dinh-hoi-an / quiz[0].options[1]","","Trần Hưng Đạo","Trần Hưng Đạo"
"destinations.json","A24 dinh-hoi-an / quiz[0].options[2]","correct answer","Lê Lợi","Lê Lợi"
"destinations.json","A24 dinh-hoi-an / quiz[1].question","easy, AUTO-GENERATED — rewrite","Đình Hội An thuộc nhóm điểm đến nào?","Which kind of site is Hoi An Communal House?"
"destinations.json","A24 dinh-hoi-an / quiz[1].options[0]","correct answer","Di tích","Heritage"
"destinations.json","A24 dinh-hoi-an / quiz[1].options[1]","","Hội quán","Assembly halls"
"destinations.json","A24 dinh-hoi-an / quiz[1].options[2]","","Nhà cổ","Old houses"
"destinations.json","A25 trinh-nghe-xi-ma / name","","Điểm tham quan trình nghề Xí Mà","Xi Ma Craft Demonstration"
"destinations.json","A25 trinh-nghe-xi-ma / address","","45/17 đường Trần Hưng Đạo","45/17 đường Trần Hưng Đạo"
"destinations.json","A25 trinh-nghe-xi-ma / hours","","Liên hệ ban tổ chức","Check with organisers"
"destinations.json","A25 trinh-nghe-xi-ma / description","","Live demonstration of xi ma — the black sesame sweet soup that is a Hoi An street-food institution.","Live demonstration of xi ma — the black sesame sweet soup that is a Hoi An street-food institution."
"destinations.json","A25 trinh-nghe-xi-ma / quiz[0].question","easy, AUTO-GENERATED — rewrite","Điểm tham quan trình nghề Xí Mà nằm trên đường nào?","Which street is Xi Ma Craft Demonstration on?"
"destinations.json","A25 trinh-nghe-xi-ma / quiz[0].options[0]","correct answer","Trần Hưng Đạo","Trần Hưng Đạo"
"destinations.json","A25 trinh-nghe-xi-ma / quiz[0].options[1]","","Nguyễn Thị Minh Khai","Nguyễn Thị Minh Khai"
"destinations.json","A25 trinh-nghe-xi-ma / quiz[0].options[2]","","Nguyễn Thái Học","Nguyễn Thái Học"
"destinations.json","A25 trinh-nghe-xi-ma / quiz[1].question","easy, AUTO-GENERATED — rewrite","Điểm tham quan trình nghề Xí Mà thuộc nhóm điểm đến nào?","Which kind of site is Xi Ma Craft Demonstration?"
"destinations.json","A25 trinh-nghe-xi-ma / quiz[1].options[0]","","Di tích","Heritage"
"destinations.json","A25 trinh-nghe-xi-ma / quiz[1].options[1]","correct answer","Trải nghiệm","Experiences"
"destinations.json","A25 trinh-nghe-xi-ma / quiz[1].options[2]","","Hội quán","Assembly halls"
"tours.json","nha-co-va-nghe-xua / title","","Nhà cổ & nghề xưa","Old houses & old trades"
"tours.json","nha-co-va-nghe-xua / theme","","Nguyễn Tường → Miếu Quan Công","Nguyen Tuong chapel → Quan Cong temple"
"tours.json","nha-co-va-nghe-xua / description","","Tuyến đi bộ đã khảo sát thực tế: xuất phát từ nhà thờ tộc Nguyễn Tường trên đường Nguyễn Thị Minh Khai, rẽ sang Trần Phú ghé nhà cổ Đức An, xuống Nguyễn Thái Học thăm bảo tàng nghề Y truyền thống, rồi kết thúc ở Miếu Quan Công.","A surveyed walking route: start at the Nguyen Tuong family chapel on Nguyen Thi Minh Khai, turn onto Tran Phu for Duc An old house, drop down to Nguyen Thai Hoc for the Museum of Traditional Medicine, and finish at Quan Cong Temple."
"tours.json","nha-co-va-nghe-xua / voucher","","Voucher quà tặng (chốt tên sau)","Gift voucher (name TBD)"
"tours.json","chua-cau-va-cam-pho / title","","Chùa Cầu & Cẩm Phô","Japanese Bridge & Cam Pho"
"tours.json","chua-cau-va-cam-pho / theme","","Đình Cẩm Phô → Tụy Tiên Đường Minh Hương","Cam Pho communal house → Minh Huong ancestral hall"
"tours.json","chua-cau-va-cam-pho / description","","Tuyến đi bộ đã khảo sát thực tế: từ đình làng Cẩm Phô đi dọc Nguyễn Thị Minh Khai qua nhà trưng bày Văn hóa Nhật Bản và Chùa Cầu, sang hội quán Quảng Triệu, rồi đi hết Trần Phú tới Tụy Tiên Đường Minh Hương.","A surveyed walking route: from the Cam Pho communal house along Nguyen Thi Minh Khai past the Japanese Culture Gallery and the Japanese Bridge, on to the Cantonese Assembly Hall, then the length of Tran Phu to the Minh Huong ancestral hall."
"tours.json","chua-cau-va-cam-pho / voucher","","Voucher quà tặng (chốt tên sau)","Gift voucher (name TBD)"
"rewards.json","tier-dao-pho / title","","Người dạo phố","Wanderer"
"rewards.json","tier-dao-pho / reward","","Sticker Hội An Creative Week","Hoi An Creative Week sticker"
"rewards.json","tier-kham-pha / title","","Người khám phá","Explorer"
"rewards.json","tier-kham-pha / reward","","Bưu thiếp in tại chỗ","Printed postcard"
"rewards.json","tier-suu-tam / title","","Nhà sưu tầm","Collector"
"rewards.json","tier-suu-tam / reward","","Voucher quà tặng (chốt tên sau)","Gift voucher (name TBD)"
"rewards.json","tier-dai-su / title","","Đại sứ Hội An","Hoi An Ambassador"
"rewards.json","tier-dai-su / reward","","Quà lưu niệm đặc biệt","Special souvenir"
"categories.json","di-tich / label","","Di tích","Heritage"
"categories.json","hoi-quan / label","","Hội quán","Assembly halls"
"categories.json","nha-co / label","","Nhà cổ","Old houses"
"categories.json","bao-tang / label","","Bảo tàng","Museums"
"categories.json","trai-nghiem / label","","Trải nghiệm & trình diễn","Experiences & performances"
"ticket-points.json","V1 / where","","Bên trái Quảng trường sông Hoài, trên dọc đường Công Nữ Ngọc Hoa","Bên trái Quảng trường sông Hoài, trên dọc đường Công Nữ Ngọc Hoa"
"ticket-points.json","V3 / where","","Đầu đường Nguyễn Thị Minh Khai, gần chỗ con thuyền Nhật Bản, ngay chỗ bắt xe taxi - xe điện","Đầu đường Nguyễn Thị Minh Khai, gần chỗ con thuyền Nhật Bản, ngay chỗ bắt xe taxi - xe điện"
"ticket-points.json","V4 / where","","Đầu đường Nguyễn Phúc Chu","Đầu đường Nguyễn Phúc Chu"
"ticket-points.json","V10 / where","","Công viên Phan Châu Trinh","Công viên Phan Châu Trinh"
"ticket-points.json","V5 / where","","Cạnh chùa Cầu","Cạnh chùa Cầu"
"ticket-points.json","V6 / where","","Đầu cầu An Hội, bên Nguyễn Phúc Chu","Đầu cầu An Hội, bên Nguyễn Phúc Chu"
"ticket-points.json","V9 / where","","Trên đường Hai Bà Trưng, trước cổng chùa Bà Thiên Mụ","Trên đường Hai Bà Trưng, trước cổng chùa Bà Thiên Mụ"
"ticket-points.json","V8 / where","","Trên đường Lê Lợi, cạnh Đình Hội An","Trên đường Lê Lợi, cạnh Đình Hội An"
"ticket-points.json","V6.2 / where","","Trên đường Hoàng Văn Thụ, ra bờ sông","Trên đường Hoàng Văn Thụ, ra bờ sông"
"ticket-points.json","V7 / where","","Góc đường Phan Châu Trinh - Nguyễn Huệ","Góc đường Phan Châu Trinh - Nguyễn Huệ"
"ticket-points.json","V2 / where","","Đầu đường Hoàng Diệu giao Trần Phú","Đầu đường Hoàng Diệu giao Trần Phú"
"ticket-points.json","V97 / where","","Điểm bán vé tại bãi xe Hoiango","Điểm bán vé tại bãi xe Hoiango"
"ticket-points.json","V332 / where","","Điểm bán vé tại 10B Trần Hưng Đạo","Điểm bán vé tại 10B Trần Hưng Đạo"
"strings.js","intro","UI label","Giới thiệu","About"
"strings.js","explore","UI label","Khám phá","Explore"
"strings.js","tours","UI label","Tuyến","Tours"
"strings.js","passport","UI label","Hộ chiếu","Passport"
"strings.js","sites_count","${…} placeholders must stay","${n} địa điểm trong phố cổ","${n} sites in the Ancient Town"
"strings.js","all","UI label","Tất cả","All"
"strings.js","no_sites","UI label","Chưa có điểm đến trong mục này.","No sites in this category yet."
"strings.js","journey","UI label","Hành trình","The journey"
"strings.js","how_it_works","UI label","Cách hoạt động","How it works"
"strings.js","open_map","UI label","🗺️ Khám phá bản đồ","🗺️ Explore the map"
"strings.js","see_tours","UI label","🚶 Xem tuyến đi bộ","🚶 Walking tours"
"strings.js","collected","${…} placeholders must stay","Bạn đã sưu tầm ${a}/${b} tem.","You have collected ${a}/${b} stamps."
"strings.js","view_passport","UI label","Xem hộ chiếu →","View passport →"
"strings.js","directions","UI label","➤ Chỉ đường bằng Google Maps","➤ Directions in Google Maps"
"strings.js","checkin","UI label","📍 Check-in tại đây","📍 Check in here"
"strings.js","simulate","UI label","🧪 Giả lập đã đến nơi (test)","🧪 Simulate arrival (test)"
"strings.js","locating","UI label","Đang xác định vị trí…","Locating you…"
"strings.js","retry","UI label","Thử lại","Try again"
"strings.js","far","${…} placeholders must stay","Bạn đang cách điểm đến khoảng ${d} m (cần ≤ ${r} m). Hãy đến gần hơn rồi thử lại.","You are about ${d} m away (need ≤ ${r} m). Get closer and try again."
"strings.js","geo_denied","UI label","Bạn cần cho phép truy cập vị trí để check-in.","Please allow location access to check in."
"strings.js","geo_fail","UI label","Không lấy được vị trí. Hãy thử lại ở ngoài trời.","Could not get your location. Try again outdoors."
"strings.js","arrived","UI label","✔ Đã đến nơi! Trả lời câu hỏi để nhận tem:","✔ You are here! Answer the questions to earn a stamp:"
"strings.js","question_of","${…} placeholders must stay","Câu ${i}/${n}","Question ${i}/${n}"
"strings.js","checkin_done","UI label","✅ Đã check-in! Tem đã được thêm vào hộ chiếu.","✅ Checked in! The stamp was added to your passport."
"strings.js","tours_title","UI label","Tuyến đi bộ","Walking tours"
"strings.js","tours_sub","UI label","Khám phá phố cổ theo chủ đề","Explore the old town by theme"
"strings.js","stops","${…} placeholders must stay","${n} điểm dừng","${n} stops"
"strings.js","route","UI label","Lộ trình","Route"
"strings.js","passport_title","UI label","Hộ chiếu của tôi","My passport"
"strings.js","stamps_of","${…} placeholders must stay","${a}/${b} tem đã sưu tầm","${a}/${b} stamps collected"
"strings.js","all_done","UI label","🎉 Hoàn thành! Bạn đã check-in tất cả điểm đến.","🎉 Complete! You have checked in everywhere."
"strings.js","set_complete","UI label","Đã hoàn thành bộ tem này!","You completed this stamp set!"
"strings.js","redeem","UI label","🎁 Đổi voucher","🎁 Redeem voucher"
"strings.js","redeem_intro","UI label","Đưa màn hình này cho kiểm soát viên tại quầy vé để nhận voucher giấy.","Show this screen to a staff member at any ticket counter to receive a paper voucher."
"strings.js","staff_confirm","UI label","Kiểm soát viên xác nhận","Staff confirm"
"strings.js","enter_code","UI label","Nhập mã kiểm soát viên","Enter staff code"
"strings.js","wrong_code","UI label","Mã không đúng.","Wrong code."
"strings.js","staff_only","UI label","Khu vực dành cho ban tổ chức. Nhập mã để xem.","Organizer area. Enter the staff code to continue."
"strings.js","redeemed","UI label","✅ Đã đổi voucher. Cảm ơn bạn!","✅ Voucher redeemed. Thank you!"
"strings.js","wrong_wait","${…} placeholders must stay","Chưa đúng. Đọc lại bảng giới thiệu và thử lại sau ${n} giây.","Not quite. Read the sign again and retry in ${n}s."
"strings.js","keep_code","UI label","📸 Chụp màn hình mã này! Đây là cách duy nhất lấy lại hộ chiếu nếu bạn đổi máy hoặc xoá dữ liệu trình duyệt.","📸 Screenshot this code! It is the only way to get your passport back on a new phone or after clearing your browser."
"strings.js","install","UI label","⬇️ Tải app về máy (dùng offline)","⬇️ Install the app (works offline)"
"strings.js","install_why","UI label","Cài về màn hình chính để dùng khi không có mạng.","Add it to your home screen to use it without a signal."
"strings.js","install_ios","UI label","Trên iPhone: bấm nút Chia sẻ ⬆️ rồi chọn ""Thêm vào MH chính"".","On iPhone: tap Share ⬆️ then ""Add to Home Screen""."
"strings.js","locate_me","UI label","Vị trí của tôi","My location"
"strings.js","hours_label","UI label","Giờ mở","Hours"
"strings.js","addr_label","UI label","Địa chỉ","Address"
"strings.js","prev_site","UI label","Điểm trước","Previous site"
"strings.js","next_site","UI label","Điểm sau","Next site"
"strings.js","locating_now","UI label","Đang tìm vị trí…","Finding you…"
"strings.js","booth_find","UI label","🎟️ Quầy vé gần nhất","🎟️ Nearest ticket counter"
"strings.js","booth_hint","UI label","Đổi voucher hoặc nhờ hỗ trợ tại quầy vé.","Claim vouchers or ask for help at a ticket counter."
"strings.js","booth_nearest","${…} placeholders must stay","Quầy ${name} · cách ${d}","Counter ${name} · ${d} away"
"strings.js","booth_dir","UI label","➤ Chỉ đường tới quầy","➤ Directions to the counter"
"strings.js","org_events","UI label","Sự kiện khác","Other events"
"strings.js","org_flagged","UI label","Hộ chiếu cần xem lại","Passports to review"
"strings.js","org_flagged_none","UI label","Chưa có hộ chiếu nào bất thường.","Nothing unusual so far."
"strings.js","org_flagged_hint","UI label","Dấu hiệu di chuyển bất khả thi giữa các điểm. Chỉ để tham khảo — vẫn phát voucher nếu khách hợp lý.","Stamps that could not have been walked between. Advisory only — hand over the voucher if the visitor makes sense."
"strings.js","flag_warn","UI label","⚠️ Hộ chiếu này có dấu hiệu check-in bất thường. Hỏi khách vài câu về điểm đến trước khi phát voucher — nếu hợp lý thì vẫn phát bình thường.","⚠️ This passport has unusual check-in timing. Ask the visitor about a site or two before handing over the voucher — if they check out, redeem as normal."
"strings.js","points","UI label","điểm","points"
"strings.js","earned","${…} placeholders must stay","+${n} điểm","+${n} points"
"strings.js","perfect_bonus","UI label","Đúng hết ngay lần đầu","All correct first try"
"strings.js","spotlight","UI label","Điểm cần khám phá","Spotlight site"
"strings.js","spotlight_hint","${…} placeholders must stay","Đang ít khách — check-in tại đây được +${n} điểm thưởng.","Quiet right now — checking in here earns +${n} bonus points."
"strings.js","rank","UI label","Danh hiệu","Rank"
"strings.js","no_rank","UI label","Chưa có danh hiệu","No rank yet"
"strings.js","next_rank","${…} placeholders must stay","Còn ${n} điểm nữa để đạt “${name}”","${n} more points to reach “${name}”"
"strings.js","rewards_title","UI label","Phần thưởng","Rewards"
"strings.js","reward_locked","${…} placeholders must stay","Cần ${n} điểm","Needs ${n} points"
"strings.js","reward_ready","UI label","Đã mở khoá — nhận tại quầy vé","Unlocked — collect at any ticket counter"
"strings.js","reward_taken","UI label","Đã nhận","Collected"
"strings.js","other_sites","UI label","Điểm tham quan khác","Other sites"
"strings.js","other_sites_hint","UI label","Vẫn nhận tem và điểm, không thuộc tuyến nào","Still earn stamps and points, not part of a tour"
"strings.js","claim","UI label","🎁 Nhận quà","🎁 Claim"
"strings.js","score_how","UI label","Cách tính điểm","How points work"
"strings.js","pt_stamp","UI label","mỗi lần check-in","per check-in"
"strings.js","pt_perfect","UI label","trả lời đúng hết ngay lần đầu","quiz answered correctly first try"
"strings.js","pt_spotlight","UI label","check-in tại “điểm cần khám phá”","checking in at a spotlight site"
"strings.js","pt_tour","UI label","hoàn thành một tuyến (đủ tem của tuyến đó)","completing a tour (every stamp on it)"
"strings.js","pt_all","${…} placeholders must stay","check-in đủ cả ${n} điểm đến","checking in at all ${n} sites"
"strings.js","tally_stamps","${…} placeholders must stay","${n} tem đã sưu tầm","${n} stamps collected"
"strings.js","tally_tours","${…} placeholders must stay","Tuyến hoàn thành ${a}/${b}","Tours completed ${a}/${b}"
"strings.js","tally_all","UI label","Thưởng đủ bộ","Full-set bonus"
"strings.js","backup_title","UI label","Sao lưu & khôi phục","Backup & recovery"
"strings.js","backup_hint","UI label","Hộ chiếu được lưu trên máy bạn. Hãy ghi lại mã này — nếu đổi điện thoại hoặc xoá dữ liệu trình duyệt, bạn dùng mã để lấy lại toàn bộ tem.","Your passport is stored on this device. Note this code down — if you switch phones or clear your browser, it brings every stamp back."
"strings.js","your_code","UI label","Mã khôi phục","Recovery code"
"strings.js","copy","UI label","Sao chép","Copy"
"strings.js","copied","UI label","Đã sao chép","Copied"
"strings.js","copy_link","UI label","Sao chép link sao lưu","Copy backup link"
"strings.js","restore","UI label","Khôi phục từ mã khác","Restore from another code"
"strings.js","restore_do","UI label","Khôi phục","Restore"
"strings.js","restore_ok","UI label","✅ Đã khôi phục hộ chiếu.","✅ Passport restored."
"strings.js","restore_bad","UI label","Mã gồm 8 ký tự.","The code is 8 characters."
"strings.js","restore_missing","UI label","Không tìm thấy hộ chiếu với mã này.","No passport found for that code."
"strings.js","restore_offline","UI label","Chưa kết nối được máy chủ. Thử lại khi có mạng.","Could not reach the server. Try again when online."
"strings.js","offline_ok","UI label","Mất mạng vẫn check-in được — dữ liệu tự gửi lên khi có kết nối lại.","Check-in works offline — your data uploads once you are back online."
"strings.js","ticket_points","UI label","Điểm bán vé","Ticket counters"
"strings.js","walk","${…} placeholders must stay","${d} · ~${m} phút đi bộ","${d} · ~${m} min walk"
"strings.js","open_tour","UI label","Xem chi tiết tuyến →","Open tour →"
"strings.js","popup_detail","UI label","Xem & check-in","Open & check in"
"strings.js","popup_dir","UI label","Chỉ đường","Directions"
"strings.js","stamped","UI label","Đã check-in","Checked in"
"strings.js","open_now","UI label","Đang mở","Open now"
"strings.js","closed_now","UI label","Đã đóng cửa","Closed"
"strings.js","closing_soon","${…} placeholders must stay","Sắp đóng · còn ${m} phút","Closing in ${m} min"
"strings.js","opens_at","${…} placeholders must stay","Mở lúc ${t}","Opens ${t}"
"strings.js","filter_open","UI label","Đang mở","Open now"
"strings.js","closed_warning","UI label","Điểm này đang đóng cửa — bạn vẫn check-in được nếu đứng đúng vị trí.","This site is closed right now — you can still check in if you are at the spot."
"strings.js","org_title","UI label","Bảng điều hành","Organizer dashboard"
"strings.js","org_sub","UI label","Dữ liệu check-in theo điểm đến","Check-ins per destination"
"strings.js","org_evenness","UI label","Độ đồng đều","Evenness"
"strings.js","org_total","UI label","Lượt check-in","Check-ins"
"strings.js","org_covered","UI label","Điểm có khách","Sites visited"
"strings.js","org_spotlight_now","UI label","Đang được thưởng điểm","Currently bonus-boosted"
"strings.js","org_refresh","UI label","Tải lại","Refresh"
"strings.js","org_export","UI label","⬇ Tải CSV","⬇ Export CSV"
"strings.js","org_no_data","UI label","Chưa có lượt check-in nào. Số liệu hiện ra ngay khi có người check-in đầu tiên.","No check-ins yet. Numbers appear as soon as the first visitor checks in."
"strings.js","org_survey","UI label","Toạ độ cần khảo sát lại","Coordinates to re-survey"
"strings.js","org_quiz_todo","UI label","Bộ câu hỏi còn tự sinh","Quiz banks still auto-generated"
"strings.js","org_nearest_ticket","UI label","Quầy vé gần nhất","Nearest counter"
"strings.js","org_traffic","UI label","Lượng khách (khảo sát)","Footfall (survey)"
"strings.js","org_priority","UI label","Ưu tiên quảng bá","Promo priority"
"strings.js","lvl_low","UI label","thấp","low"
"strings.js","lvl_medium","UI label","trung bình","medium"
"strings.js","lvl_high","UI label","cao","high"
"strings.js","org_updated","${…} placeholders must stay","Cập nhật lúc ${t}","Updated ${t}"
"strings.js","org_tier_volunteer","UI label","Tình nguyện viên (chỉ xem)","Volunteer (view only)"
"strings.js","org_tier_admin","UI label","Ban tổ chức (sửa được nội dung)","Organizer (can edit content)"
"strings.js","org_edit","UI label","Sửa nội dung","Edit content"
"strings.js","org_edit_hint","UI label","Sửa ở đây rồi bấm tải file JSON về và gửi cho kỹ thuật thay vào src/lib/data/. Không lưu thẳng lên máy chủ — sửa xong mà không tải file là mất.","Edit here, download the JSON and hand it to the dev to replace src/lib/data/. Nothing is saved to the server — edits are lost if you do not download."
"strings.js","org_need_admin","UI label","Cần mã ban tổ chức để sửa nội dung. Mã tình nguyện viên chỉ xem được số liệu.","Editing content needs the organizer code. The volunteer code can only read the numbers."
"strings.js","org_tab_dest","UI label","Điểm đến","Destinations"
"strings.js","org_tab_tours","UI label","Tuyến","Tours"
"strings.js","org_tab_rewards","UI label","Phần thưởng","Rewards"
"strings.js","org_tab_event","UI label","Giới thiệu","About"
"strings.js","org_tours_hint","UI label","Thứ tự điểm dừng chính là thứ tự đi bộ. Mỗi điểm đến chỉ được thuộc một tuyến; điểm không nằm trong tuyến nào vẫn nhận tem và điểm thưởng, chỉ là không tạo thành bộ đổi quà.","Stop order is the walking order. A destination can be in at most one tour; sites in no tour still earn stamps and points, they just are not a voucher set."
"strings.js","org_rewards_hint","${…} placeholders must stay","Mốc điểm phải tăng dần và không vượt quá ${n} điểm (mức tối đa chắc chắn đạt được).","Point thresholds must ascend and cannot exceed ${n}, the score every visitor can be sure of reaching."
"strings.js","org_event_hint","UI label","Nội dung trang chủ.","Home page copy."
"strings.js","org_add_tour","UI label","+ Thêm tuyến","+ Add tour"
"strings.js","org_del_tour","UI label","Xoá tuyến","Delete tour"
"strings.js","org_add_stop","UI label","+ Thêm điểm dừng","+ Add stop"
"strings.js","org_add_tier","UI label","+ Thêm mốc","+ Add tier"
"strings.js","org_del_tier","UI label","Xoá mốc","Delete tier"
"strings.js","org_add_step","UI label","+ Thêm bước","+ Add step"
"strings.js","org_del_step","UI label","Xoá bước","Delete step"
"strings.js","org_download_json","${…} placeholders must stay","⬇ Tải ${f}","⬇ Download ${f}"
"strings.js","org_load_json","UI label","Mở file đã sửa","Open an edited file"
"strings.js","org_reset","UI label","Về bản gốc","Back to shipped version"
"strings.js","org_reset_confirm","UI label","Bỏ hết thay đổi chưa tải về?","Discard every change you have not downloaded?"
"strings.js","org_problems","${…} placeholders must stay","${n} lỗi — sửa hết rồi mới tải file về","${n} problems — fix them before downloading"
"strings.js","org_data_ok","UI label","✔ Dữ liệu hợp lệ","✔ Data is valid"
"strings.js","org_bad_file","${…} placeholders must stay","Không đọc được file: ${m}","Could not read that file: ${m}"
"strings.js","org_add_q","UI label","+ Thêm câu hỏi","+ Add question"
"strings.js","org_del_q","UI label","Xoá câu","Delete"
"strings.js","org_add_opt","UI label","+ Thêm đáp án","+ Add option"
"strings.js","org_del_opt","UI label","Xoá","Remove"
"strings.js","org_answer","UI label","Đáp án đúng","Correct answer"
"strings.js","org_generated","UI label","tự sinh","auto-generated"
"strings.js","org_reviewed","UI label","Đã kiểm tra","Mark reviewed"
"strings.js","org_needs_survey","UI label","Toạ độ cần khảo sát","Coordinates need a survey"
"strings.js","f_code","UI label","Mã","Code"
"strings.js","f_name","UI label","Tên","Name"
"strings.js","f_address","UI label","Địa chỉ","Address"
"strings.js","f_hours","UI label","Giờ mở cửa","Opening hours"
"strings.js","f_desc","UI label","Giới thiệu","Description"
"strings.js","f_category","UI label","Nhóm","Category"
"strings.js","f_radius","UI label","Bán kính (m)","Radius (m)"
"strings.js","f_question","UI label","Câu hỏi","Question"
"strings.js","f_difficulty","UI label","Độ khó","Difficulty"
"strings.js","f_title","UI label","Tiêu đề","Title"
"strings.js","f_theme","UI label","Chủ đề","Theme"
"strings.js","f_voucher","UI label","Quà tặng","Voucher"
"strings.js","f_stops","UI label","Điểm dừng","Stops"
"strings.js","f_points","UI label","Điểm","Points"
"strings.js","f_icon","UI label","Biểu tượng","Icon"
"strings.js","f_reward","UI label","Phần thưởng","Reward"
"strings.js","f_subtitle","UI label","Phụ đề","Subtitle"
"strings.js","f_tagline","UI label","Thông điệp","Tagline"
"strings.js","f_year","UI label","Năm","Year"
"strings.js","f_venue","UI label","Địa điểm","Venue"
"strings.js","f_dates","UI label","Thời gian","Dates"
"strings.js","f_intro","UI label","Giới thiệu","Intro"
"strings.js","f_note","UI label","Ghi chú","Note"
"strings.js","f_steps","UI label","Các bước","Steps"
"strings.js","org_details","UI label","Chi tiết","Details"
"strings.js","lvl_easy","UI label","dễ","easy"
"strings.js","lvl_hard","UI label","khó","hard"
