Tên điểm (VI) — KHÔNG sửa,Site name (EN),Vĩ độ / Latitude,Kinh độ / Longitude,Địa chỉ (VI),Address (EN),Giờ mở cửa (VI),Opening hours (EN),Giới thiệu ngắn (VI),Short description (EN),Dẫn chuyện khi vừa đến (VI),Arrival story (EN),Manh mối – nhìn/tìm gì? (VI),Clue – what to look for (EN),Câu hỏi (VI),Question (EN),Đáp án A (VI),Answer A (EN),Đáp án B (VI),Answer B (EN),Đáp án C (VI),Answer C (EN),Đáp án đúng (A/B/C),Lời giải / phần thưởng (VI),Reveal (EN)
Chùa Cầu,Japanese Covered Bridge,15.877153,108.326653,"Nguyễn Thị Minh Khai, Phường Minh An","Nguyen Thi Minh Khai St, Minh An Ward",Cả ngày,All day,"Cây cầu gỗ do thương nhân Nhật Bản xây dựng đầu thế kỷ 17, biểu tượng kiến trúc và linh hồn của phố cổ Hội An.",A wooden bridge built by Japanese merchants in the early 17th century — the architectural symbol and soul of Hoi An's old town.,"Bạn đang đứng đúng nơi khu phố Nhật và khu phố Hoa gặp nhau hơn 400 năm trước. Tương truyền cây cầu được dựng để trấn lưng con thuỷ quái Namazu — đầu ở Ấn Độ, thân ở Hội An, đuôi ở Nhật Bản — khiến nó không thể quẫy mình gây động đất.","You're standing exactly where the Japanese and Chinese quarters met over 400 years ago. Legend says the bridge was built to pin down the monster Namazu — head in India, body in Hoi An, tail in Japan — so it could not thrash and cause earthquakes.",Đừng vội qua cầu. Hãy nhìn kỹ hai đầu cầu — có hai cặp tượng linh vật bằng gỗ ngồi canh giữ.,Don't cross yet. Look closely at the two ends of the bridge — two pairs of carved wooden guardian animals sit watching.,Hai cặp linh vật canh giữ hai đầu Chùa Cầu là con gì?,Which two guardian animals watch over the ends of the bridge?,Chó và Khỉ,Dogs and Monkeys,Rồng và Phượng,Dragons and Phoenixes,Hổ và Voi,Tigers and Elephants,A,"Đúng rồi! Tương truyền cầu khởi công năm Thân và hoàn thành năm Tuất, nên chó và khỉ được chọn làm linh vật trấn giữ. Hình ảnh cây cầu này in trên tờ 20.000 đồng đấy.","Correct! Tradition says construction began in the Year of the Monkey and finished in the Year of the Dog — so monkeys and dogs became its guardians. This bridge is printed on the 20,000 VND banknote."
Hội quán Phúc Kiến,Fujian Assembly Hall,15.87735,108.33,"46 Trần Phú, Phường Minh An","46 Tran Phu St, Minh An Ward",07:00 – 18:00,07:00 – 18:00,"Hội quán lớn và lộng lẫy nhất Hội An, nơi thờ Thiên Hậu Thánh Mẫu — vị thần bảo hộ thương nhân đi biển của cộng đồng người Hoa gốc Phúc Kiến.","The largest and most ornate assembly hall in Hoi An, dedicated to Thien Hau, protector goddess of seafaring merchants of the Fujian community.","Năm 1697, một pho tượng nữ thần được sóng đưa vào bãi biển Hội An. Cộng đồng Phúc Kiến tin đó là Thiên Hậu — vị thần che chở thuyền buôn giữa biển khơi — và dựng nên hội quán nguy nga này để thờ bà.",In 1697 a statue of a goddess washed ashore on Hoi An beach. The Fujian community believed it was Thien Hau — protector of merchant ships on the open sea — and raised this magnificent hall in her honor.,"Trước khi vào trong, hãy dừng lại ở cổng chính màu hồng lộng lẫy phía ngoài và đếm số lối đi xuyên qua nó.","Before going in, pause at the grand pink front gate and count how many passageways run through it.",Cổng chính (Tam Quan) của Hội quán Phúc Kiến có mấy lối đi?,How many passageways does the main gate (Tam Quan) of the hall have?,3 lối,3 passageways,1 lối,1 passageway,5 lối,5 passageways,A,"Chính xác — Tam Quan nghĩa là 'ba cổng'. Trên nóc là cặp rồng gốm sứ chầu mặt trời, hai bên là biểu tượng mặt trời và mặt trăng cho âm dương hoà hợp.","Exactly — Tam Quan means 'three gates'. On its roof a pair of ceramic dragons face the sun, flanked by sun and moon symbols for the harmony of yin and yang."
Nhà cổ Tấn Ký,Tan Ky Old House,15.8768,108.3287,"101 Nguyễn Thái Học, Phường Minh An","101 Nguyen Thai Hoc St, Minh An Ward",08:00 – 18:00,08:00 – 18:00,"Ngôi nhà gần 200 năm tuổi, nơi bảy thế hệ một gia đình thương nhân sinh sống. Kiến trúc hoà quyện ba nền văn hoá Việt – Hoa – Nhật, mặt trước mở ra phố buôn, mặt sau quay ra sông Thu Bồn để bốc dỡ hàng.","A nearly 200-year-old house lived in by seven generations of a merchant family. Its architecture blends three cultures — Vietnamese, Chinese, Japanese — with a shopfront onto the street and a back door onto the Thu Bon River for loading goods.","Tên 'Tấn Ký' nghĩa là 'phát triển thịnh vượng trong buôn bán'. Nhưng sống bên sông Thu Bồn cũng có giá của nó — mỗi mùa mưa, nước lũ lại tìm đến tận trong nhà.",The name 'Tan Ky' means 'progress and prosperity in trade'. But living beside the Thu Bon River has its price — every rainy season the floodwaters find their way inside.,Hãy quan sát cây cột hoặc bức tường gần gian giữa nhà. Bạn sẽ thấy những vạch khắc đánh dấu nằm ngang ở nhiều độ cao khác nhau.,Look at a pillar or wall near the middle of the house. You'll find horizontal marks carved at several different heights.,Những vạch ngang được đánh dấu trên cột/tường nhà Tấn Ký ghi lại điều gì?,What do the horizontal marks on the pillar/wall record?,Mực nước các trận lụt lịch sử,Water levels of historic floods,Chiều cao các đời chủ nhà,Heights of each generation of owners,Năm xây dựng từng gian nhà,The year each room was built,A,Đúng vậy. Mỗi vạch là một trận lụt mà ngôi nhà đã đi qua. Bộ khung gỗ lim ghép mộng không dùng đinh đã giúp nó đứng vững gần hai thế kỷ.,"Right. Each mark is a flood the house has survived. Its ironwood frame, joined without a single nail, has held it up for nearly two centuries."
Miếu Quan Công,Quan Cong Temple,15.87726,108.3293,"24 Trần Phú, Phường Minh An","24 Tran Phu St, Minh An Ward",08:00 – 17:00,08:00 – 17:00,"Ngôi miếu thờ Quan Công (Quan Vũ) — vị tướng thời Tam Quốc được tôn là biểu tượng của lòng trung nghĩa, được cả thương nhân Việt và Hoa kính ngưỡng.","A temple to Quan Cong (Guan Yu), the Three Kingdoms general revered as a symbol of loyalty and righteousness, honored by both Vietnamese and Chinese merchants.","Thương nhân xưa đến đây không chỉ cầu tài, mà cầu cho mình giữ được chữ 'tín' trong buôn bán — đức tính mà Quan Công là hiện thân. Ngài luôn được tạc với gương mặt đỏ rực.","Old merchants came here not only to pray for wealth, but to keep their word in trade — the virtue Quan Cong embodies. He is always sculpted with a fierce red face.","Trong sân miếu, hai bên có đặt tượng hai con tuấn mã được sơn màu nổi bật. Hãy để ý màu của chúng.",In the temple courtyard stand two statues of warhorses painted in striking colors. Notice their colors.,Đôi tượng ngựa trong miếu Quan Công được sơn hai màu gì?,What two colors are the horse statues in the temple painted?,Trắng và Đỏ,White and Red,Đen và Vàng,Black and Gold,Nâu và Xám,Brown and Grey,A,Chính xác! Con ngựa đỏ là Xích Thố — chiến mã huyền thoại gắn liền với Quan Công trong sử thi Tam Quốc.,"Correct! The red horse is Xich Tho (Red Hare), the legendary steed bound to Quan Cong in the Three Kingdoms epic."
Hội quán Quảng Triệu,Cantonese Assembly Hall,15.87725,108.3265,"176 Trần Phú, Phường Minh An","176 Tran Phu St, Minh An Ward",07:00 – 17:30,07:00 – 17:30,"Hội quán của cộng đồng người Hoa gốc Quảng Đông, nổi bật với nghệ thuật ghép sành sứ và những cột đá chạm rồng tinh xảo.","Assembly hall of the Cantonese community, known for its ceramic mosaic art and finely carved dragon stone columns.",,,⚠ Cần khảo sát tại điểm — thay bằng manh mối dẫn khách tìm một chi tiết CÓ THẬT chỉ thấy được khi đứng tại nơi này.,⚠ Capture on-site — replace with a clue pointing to a REAL detail only visible while standing here.,Tìm tấm biển tên ở lối vào — bạn đang ở điểm nào?,Find the name plaque at the entrance — which site are you at?,Hội quán Quảng Triệu,Cantonese Assembly Hall,Hội quán Phúc Kiến,Fujian Assembly Hall,Hội quán Hải Nam,Hainan Assembly Hall,A,,
Hội quán Triều Châu,Teochew Assembly Hall,15.8769,108.3323,"157 Nguyễn Duy Hiệu, Phường Minh An","157 Nguyen Duy Hieu St, Minh An Ward",08:00 – 17:00,08:00 – 17:00,"Hội quán của người Hoa gốc Triều Châu, thờ Phục Ba tướng quân — vị thần trấn sóng gió, nổi tiếng với các bức chạm gỗ và ghép sứ tinh tế.","Assembly hall of the Teochew community, dedicated to a general who calms the waves, famed for its delicate wood carvings and ceramic inlays.",,,⚠ Cần khảo sát tại điểm — thay bằng manh mối dẫn khách tìm một chi tiết CÓ THẬT chỉ thấy được khi đứng tại nơi này.,⚠ Capture on-site — replace with a clue pointing to a REAL detail only visible while standing here.,Tìm tấm biển tên ở lối vào — bạn đang ở điểm nào?,Find the name plaque at the entrance — which site are you at?,Hội quán Triều Châu,Teochew Assembly Hall,Hội quán Quảng Triệu,Cantonese Assembly Hall,Hội quán Trung Hoa,Chinese Assembly Hall,A,,
Hội quán Hải Nam,Hainan Assembly Hall,15.87705,108.3308,"10 Trần Phú, Phường Minh An","10 Tran Phu St, Minh An Ward",08:00 – 17:00,08:00 – 17:00,"Hội quán của cộng đồng người Hoa gốc Hải Nam, dựng để tưởng niệm 108 thương nhân gặp nạn oan khuất, với bàn thờ sơn son thếp vàng lộng lẫy.","Assembly hall of the Hainan community, built to honor 108 merchants who died unjustly, with a richly gilded main altar.",,,⚠ Cần khảo sát tại điểm — thay bằng manh mối dẫn khách tìm một chi tiết CÓ THẬT chỉ thấy được khi đứng tại nơi này.,⚠ Capture on-site — replace with a clue pointing to a REAL detail only visible while standing here.,Tìm tấm biển tên ở lối vào — bạn đang ở điểm nào?,Find the name plaque at the entrance — which site are you at?,Hội quán Hải Nam,Hainan Assembly Hall,Hội quán Phúc Kiến,Fujian Assembly Hall,Hội quán Triều Châu,Teochew Assembly Hall,A,,
Hội quán Trung Hoa,Chinese Assembly Hall,15.8774,108.3276,"64 Trần Phú, Phường Minh An","64 Tran Phu St, Minh An Ward",08:00 – 17:00,08:00 – 17:00,"Hội quán chung của năm bang người Hoa (Ngũ Bang) tại Hội An, là nơi sinh hoạt cộng đồng và thờ Thiên Hậu Thánh Mẫu.","The shared assembly hall of the five Chinese congregations in Hoi An, a community gathering place dedicated to the goddess Thien Hau.",,,⚠ Cần khảo sát tại điểm — thay bằng manh mối dẫn khách tìm một chi tiết CÓ THẬT chỉ thấy được khi đứng tại nơi này.,⚠ Capture on-site — replace with a clue pointing to a REAL detail only visible while standing here.,Tìm tấm biển tên ở lối vào — bạn đang ở điểm nào?,Find the name plaque at the entrance — which site are you at?,Hội quán Trung Hoa,Chinese Assembly Hall,Hội quán Hải Nam,Hainan Assembly Hall,Hội quán Quảng Triệu,Cantonese Assembly Hall,A,,
Nhà cổ Phùng Hưng,Phung Hung Old House,15.87695,108.326,"4 Nguyễn Thị Minh Khai, Phường Minh An","4 Nguyen Thi Minh Khai St, Minh An Ward",08:00 – 18:00,08:00 – 18:00,"Ngôi nhà gỗ hai tầng hơn 200 năm tuổi ngay cạnh Chùa Cầu, có cửa sập trên sàn gác để chuyển hàng tránh lũ — minh chứng cho đời sống thương hồ xưa.","A two-storey wooden house over 200 years old beside the Japanese Bridge, with a trapdoor in the upper floor to move goods above floodwaters — a record of old trading life.",,,⚠ Cần khảo sát tại điểm — thay bằng manh mối dẫn khách tìm một chi tiết CÓ THẬT chỉ thấy được khi đứng tại nơi này.,⚠ Capture on-site — replace with a clue pointing to a REAL detail only visible while standing here.,Tìm tấm biển tên ở lối vào — bạn đang ở điểm nào?,Find the name plaque at the entrance — which site are you at?,Nhà cổ Phùng Hưng,Phung Hung Old House,Nhà cổ Tấn Ký,Tan Ky Old House,Nhà cổ Quân Thắng,Quan Thang Old House,A,,
Nhà cổ Quân Thắng,Quan Thang Old House,15.877,108.329,"77 Trần Phú, Phường Minh An","77 Tran Phu St, Minh An Ward",08:00 – 18:00,08:00 – 18:00,"Ngôi nhà hơn 300 năm tuổi mang đậm phong cách Hoa Hạ vùng Triều Châu, nổi bật với những mảng chạm gỗ tinh xảo trên vì kèo và vách ngăn.","A house over 300 years old in the Teochew Chinese style, distinguished by exquisite wood carvings on its trusses and partitions.",,,⚠ Cần khảo sát tại điểm — thay bằng manh mối dẫn khách tìm một chi tiết CÓ THẬT chỉ thấy được khi đứng tại nơi này.,⚠ Capture on-site — replace with a clue pointing to a REAL detail only visible while standing here.,Tìm tấm biển tên ở lối vào — bạn đang ở điểm nào?,Find the name plaque at the entrance — which site are you at?,Nhà cổ Quân Thắng,Quan Thang Old House,Nhà cổ Đức An,Duc An Old House,Nhà cổ Phùng Hưng,Phung Hung Old House,A,,
Nhà cổ Đức An,Duc An Old House,15.8769,108.3295,"129 Trần Phú, Phường Minh An","129 Tran Phu St, Minh An Ward",08:00 – 18:00,08:00 – 18:00,"Ngôi nhà từng là hiệu sách và nơi lui tới của các nhà yêu nước đầu thế kỷ 20, gắn với phong trào cách mạng ở Quảng Nam.","Once a bookshop and meeting place for early-20th-century patriots, tied to the revolutionary movement in Quang Nam.",,,⚠ Cần khảo sát tại điểm — thay bằng manh mối dẫn khách tìm một chi tiết CÓ THẬT chỉ thấy được khi đứng tại nơi này.,⚠ Capture on-site — replace with a clue pointing to a REAL detail only visible while standing here.,Tìm tấm biển tên ở lối vào — bạn đang ở điểm nào?,Find the name plaque at the entrance — which site are you at?,Nhà cổ Đức An,Duc An Old House,Nhà cổ Tấn Ký,Tan Ky Old House,Nhà cổ Quân Thắng,Quan Thang Old House,A,,
Nhà thờ tộc Trần,Tran Family Chapel,15.8777,108.3285,"21 Lê Lợi, Phường Minh An","21 Le Loi St, Minh An Ward",08:00 – 17:30,08:00 – 17:30,"Nhà thờ tộc gần 200 năm của dòng họ Trần, dòng họ quan lại gốc Hoa, là nơi thờ cúng tổ tiên còn gìn giữ nhiều sắc phong và gia phả cổ.","A nearly 200-year-old ancestral chapel of the Tran clan, a mandarin family of Chinese origin, preserving old royal decrees and genealogies.",,,⚠ Cần khảo sát tại điểm — thay bằng manh mối dẫn khách tìm một chi tiết CÓ THẬT chỉ thấy được khi đứng tại nơi này.,⚠ Capture on-site — replace with a clue pointing to a REAL detail only visible while standing here.,Tìm tấm biển tên ở lối vào — bạn đang ở điểm nào?,Find the name plaque at the entrance — which site are you at?,Nhà thờ tộc Trần,Tran Family Chapel,Nhà thờ tộc Nguyễn Tường,Nguyen Tuong Family Chapel,Nhà cổ Đức An,Duc An Old House,A,,
Quan Âm Phật tự (Chùa Quan Âm),Quan Am Pagoda,15.8773,108.3305,"Trần Phú, Phường Minh An","Tran Phu St, Minh An Ward",Cả ngày,All day,"Ngôi chùa thờ Phật Bà Quan Âm, không gian tĩnh lặng giữa phố cổ, lưu giữ nét kiến trúc tôn giáo truyền thống của Hội An.","A pagoda dedicated to the Goddess of Mercy Quan Am, a tranquil space amid the old town preserving Hoi An's traditional religious architecture.",,,⚠ Cần khảo sát tại điểm — thay bằng manh mối dẫn khách tìm một chi tiết CÓ THẬT chỉ thấy được khi đứng tại nơi này.,⚠ Capture on-site — replace with a clue pointing to a REAL detail only visible while standing here.,Tìm tấm biển tên ở lối vào — bạn đang ở điểm nào?,Find the name plaque at the entrance — which site are you at?,Quan Âm Phật tự,Quan Am Pagoda,Miếu Quan Công,Quan Cong Temple,Đình Cẩm Phô,Cam Pho Communal House,A,,
Đình Cẩm Phô,Cam Pho Communal House,15.8776,108.3243,"52 Nguyễn Thị Minh Khai, Phường Minh An","52 Nguyen Thi Minh Khai St, Minh An Ward",08:00 – 17:00,08:00 – 17:00,"Đình làng cổ của làng Cẩm Phô, nơi thờ thành hoàng và sinh hoạt tín ngưỡng của cư dân bản địa Hội An qua nhiều thế kỷ.","The ancient communal house of Cam Pho village, where the village guardian deity is worshipped and local Hoi An life has centered for centuries.",,,⚠ Cần khảo sát tại điểm — thay bằng manh mối dẫn khách tìm một chi tiết CÓ THẬT chỉ thấy được khi đứng tại nơi này.,⚠ Capture on-site — replace with a clue pointing to a REAL detail only visible while standing here.,Tìm tấm biển tên ở lối vào — bạn đang ở điểm nào?,Find the name plaque at the entrance — which site are you at?,Đình Cẩm Phô,Cam Pho Communal House,Đình Hội An,Hoi An Communal House,Tụy Tiên Đường Minh Hương,Minh Huong Communal House,A,,
Tụy Tiên Đường Minh Hương,Minh Huong Communal House,15.8771,108.3299,"14 Trần Phú, Phường Minh An","14 Tran Phu St, Minh An Ward",08:00 – 17:00,08:00 – 17:00,"Nơi thờ các bậc tiền hiền người Minh Hương — cộng đồng người Hoa định cư và hoà nhập, có công khai phá, lập nên phố Hội An.",A hall honoring the founding elders of the Minh Huong community — Chinese settlers who integrated locally and helped found the town of Hoi An.,,,⚠ Cần khảo sát tại điểm — thay bằng manh mối dẫn khách tìm một chi tiết CÓ THẬT chỉ thấy được khi đứng tại nơi này.,⚠ Capture on-site — replace with a clue pointing to a REAL detail only visible while standing here.,Tìm tấm biển tên ở lối vào — bạn đang ở điểm nào?,Find the name plaque at the entrance — which site are you at?,Tụy Tiên Đường Minh Hương,Minh Huong Communal House,Đình Cẩm Phô,Cam Pho Communal House,Đình Hội An,Hoi An Communal House,A,,
Đình Hội An (Đình Ông Voi),Hoi An Communal House,15.877,108.3301,"27 Lê Lợi, Phường Minh An","27 Le Loi St, Minh An Ward",08:00 – 17:00,08:00 – 17:00,"Ngôi đình cổ của làng Hội An, dân gian quen gọi là đình Ông Voi, là một trong những thiết chế tín ngưỡng làng xã lâu đời nhất nơi đây.","The ancient communal house of Hoi An village, popularly called the Elephant House, one of the oldest village religious institutions in the area.",,,⚠ Cần khảo sát tại điểm — thay bằng manh mối dẫn khách tìm một chi tiết CÓ THẬT chỉ thấy được khi đứng tại nơi này.,⚠ Capture on-site — replace with a clue pointing to a REAL detail only visible while standing here.,Tìm tấm biển tên ở lối vào — bạn đang ở điểm nào?,Find the name plaque at the entrance — which site are you at?,Đình Hội An,Hoi An Communal House,Đình Cẩm Phô,Cam Pho Communal House,Miếu Quan Công,Quan Cong Temple,A,,
Bảo tàng Hội An,Hoi An Museum,15.8776,108.3306,"10B Trần Hưng Đạo, Phường Minh An","10B Tran Hung Dao St, Minh An Ward",08:00 – 17:00,08:00 – 17:00,"Bảo tàng tổng hợp trưng bày tiến trình lịch sử – văn hoá Hội An từ thời tiền sử, qua thời thương cảng quốc tế, đến ngày nay.","A general museum tracing Hoi An's history and culture from prehistory, through its era as an international port, to today.",,,⚠ Cần khảo sát tại điểm — thay bằng manh mối dẫn khách tìm một chi tiết CÓ THẬT chỉ thấy được khi đứng tại nơi này.,⚠ Capture on-site — replace with a clue pointing to a REAL detail only visible while standing here.,Tìm tấm biển tên ở lối vào — bạn đang ở điểm nào?,Find the name plaque at the entrance — which site are you at?,Bảo tàng Hội An,Hoi An Museum,Bảo tàng Văn hóa Sa Huỳnh,Museum of Sa Huynh Culture,Bảo tàng Văn hóa Dân gian,Museum of Folk Culture,A,,
Bảo tàng Văn hóa Sa Huỳnh,Museum of Sa Huynh Culture,15.8772,108.3272,"149 Trần Phú, Phường Minh An","149 Tran Phu St, Minh An Ward",08:00 – 17:00,08:00 – 17:00,"Bảo tàng trưng bày hiện vật của nền văn hoá Sa Huỳnh cách đây hơn 2.000 năm — chủ nhân đầu tiên của vùng đất Hội An, nổi tiếng với mộ chum.","A museum of the 2,000-year-old Sa Huynh culture — the earliest inhabitants of the Hoi An area, famed for their burial jars.",,,⚠ Cần khảo sát tại điểm — thay bằng manh mối dẫn khách tìm một chi tiết CÓ THẬT chỉ thấy được khi đứng tại nơi này.,⚠ Capture on-site — replace with a clue pointing to a REAL detail only visible while standing here.,Tìm tấm biển tên ở lối vào — bạn đang ở điểm nào?,Find the name plaque at the entrance — which site are you at?,Bảo tàng Văn hóa Sa Huỳnh,Museum of Sa Huynh Culture,Bảo tàng Gốm sứ Mậu dịch,Museum of Trade Ceramics,Bảo tàng Hội An,Hoi An Museum,A,,
Bảo tàng Gốm sứ Mậu dịch,Museum of Trade Ceramics,15.8771,108.3283,"80 Trần Phú, Phường Minh An","80 Tran Phu St, Minh An Ward",08:00 – 17:00,08:00 – 17:00,"Trưng bày hàng trăm hiện vật gốm sứ mậu dịch vớt từ các con tàu đắm và khai quật trong vùng, minh chứng cho thời hoàng kim của thương cảng Hội An.","Hundreds of trade ceramics recovered from shipwrecks and local digs, evidence of Hoi An's golden age as a trading port.",,,⚠ Cần khảo sát tại điểm — thay bằng manh mối dẫn khách tìm một chi tiết CÓ THẬT chỉ thấy được khi đứng tại nơi này.,⚠ Capture on-site — replace with a clue pointing to a REAL detail only visible while standing here.,Tìm tấm biển tên ở lối vào — bạn đang ở điểm nào?,Find the name plaque at the entrance — which site are you at?,Bảo tàng Gốm sứ Mậu dịch,Museum of Trade Ceramics,Bảo tàng Văn hóa Sa Huỳnh,Museum of Sa Huynh Culture,Bảo tàng Nghề Y truyền thống,Museum of Traditional Medicine,A,,
Bảo tàng Văn hóa Dân gian,Museum of Folk Culture,15.87675,108.3292,"33 Nguyễn Thái Học, Phường Minh An","33 Nguyen Thai Hoc St, Minh An Ward",08:00 – 17:00,08:00 – 17:00,"Nằm trong ngôi nhà cổ hai tầng lớn nhất phố cổ, bảo tàng giới thiệu nghề truyền thống, đời sống và sinh hoạt dân gian của cư dân Hội An.","Set in the largest two-storey old house in town, this museum presents the traditional crafts and folk life of Hoi An's people.",,,⚠ Cần khảo sát tại điểm — thay bằng manh mối dẫn khách tìm một chi tiết CÓ THẬT chỉ thấy được khi đứng tại nơi này.,⚠ Capture on-site — replace with a clue pointing to a REAL detail only visible while standing here.,Tìm tấm biển tên ở lối vào — bạn đang ở điểm nào?,Find the name plaque at the entrance — which site are you at?,Bảo tàng Văn hóa Dân gian,Museum of Folk Culture,Bảo tàng Nghề Y truyền thống,Museum of Traditional Medicine,Bảo tàng Hội An,Hoi An Museum,A,,
Bảo tàng Nghề Y truyền thống,Museum of Traditional Medicine,15.87685,108.3299,"46 Nguyễn Thái Học, Phường Minh An","46 Nguyen Thai Hoc St, Minh An Ward",08:00 – 17:00,08:00 – 17:00,"Bảo tàng tái hiện nghề thuốc Đông y cổ truyền của Hội An, trưng bày dụng cụ bốc thuốc, thang thuốc và không gian một hiệu thuốc Bắc xưa.","A museum recreating Hoi An's traditional medicine trade, with apothecary tools and a recreated old herbal pharmacy.",,,⚠ Cần khảo sát tại điểm — thay bằng manh mối dẫn khách tìm một chi tiết CÓ THẬT chỉ thấy được khi đứng tại nơi này.,⚠ Capture on-site — replace with a clue pointing to a REAL detail only visible while standing here.,Tìm tấm biển tên ở lối vào — bạn đang ở điểm nào?,Find the name plaque at the entrance — which site are you at?,Bảo tàng Nghề Y truyền thống,Museum of Traditional Medicine,Bảo tàng Văn hóa Dân gian,Museum of Folk Culture,Bảo tàng Gốm sứ Mậu dịch,Museum of Trade Ceramics,A,,
Nhà biểu diễn Nghệ thuật cổ truyền,Traditional Art Performance House,15.87695,108.3301,"66 Bạch Đằng, Phường Minh An","66 Bach Dang St, Minh An Ward","Suất 10:15, 15:15, 16:15","Shows 10:15, 15:15, 16:15","Nơi trình diễn các loại hình nghệ thuật cổ truyền của vùng đất Quảng Nam — hát bội, dân ca, hoà tấu nhạc cụ dân tộc — theo các suất diễn trong ngày.","A venue presenting Quang Nam's traditional performing arts — classical opera, folk songs and ensemble music — in scheduled daily shows.",,,"⚠ Cần khảo sát tại điểm — thay bằng manh mối liên quan buổi diễn (vd: nhạc cụ mở màn, làn điệu trình diễn).",⚠ Capture on-site — replace with a clue tied to the show (e.g. the opening instrument or the tune performed).,Tìm bảng lịch suất diễn — buổi diễn đầu tiên trong ngày bắt đầu lúc mấy giờ?,Find the show schedule board — what time is the first show of the day?,10:15,10:15,09:00,09:00,12:00,12:00,A,,
Trò chơi Bài chòi,Bai Choi Folk Game,15.8766,108.327,"Sân khấu Bài chòi, vỉa sông An Hội","Bai Choi stage, An Hoi riverside",Buổi tối hằng ngày,Nightly in the evening,"Bài chòi — di sản văn hoá phi vật thể của nhân loại được UNESCO ghi danh — là trò chơi dân gian kết hợp hô hát, nơi anh Hiệu xướng tên quân bài bằng những câu thai dí dỏm.","Bai Choi — a UNESCO Intangible Cultural Heritage — is a folk game blending song and play, where the caller announces each card with witty rhyming verses.",,,"⚠ Cần khảo sát tại điểm — thay bằng manh mối từ buổi chơi (vd: tên một quân bài, câu hô của anh Hiệu).",⚠ Capture on-site — replace with a clue from a live round (e.g. a card name or the caller's verse).,Bài chòi được UNESCO ghi danh là loại di sản gì?,Bai Choi is recognized by UNESCO as what kind of heritage?,Di sản văn hoá phi vật thể,Intangible Cultural Heritage,Di sản thiên nhiên,Natural Heritage,Di sản tư liệu,Documentary Heritage,A,,
Trình nghệ Xí Mà,Xi Ma Heritage Stall,15.87705,108.3288,"Số 56 Bạch Đằng, Phường Minh An","56 Bach Dang St, Minh An Ward",Theo lịch trình diễn,Per performance schedule,Gánh chè mè đen (xí mà) trứ danh gắn với một nghệ nhân gánh hàng rong lâu năm — một 'di sản sống' của ẩm thực và đời sống phố cổ Hội An.,The celebrated black-sesame sweet soup (xi ma) of a long-time street vendor — a 'living heritage' of Hoi An's old-town food and life.,,,"⚠ Cần khảo sát tại điểm — thay bằng manh mối về gánh chè (vd: nguyên liệu chính, dụng cụ gánh hàng).",⚠ Capture on-site — replace with a clue about the stall (e.g. its main ingredient or the carrying gear).,Món 'xí mà' được nấu chủ yếu từ nguyên liệu nào?,What is 'xi ma' mainly made from?,Mè (vừng) đen,Black sesame,Đậu xanh,Mung bean,Gạo nếp,Sticky rice,A,,
Không gian Văn hóa Việt Nam – Nhật Bản,Vietnam–Japan Culture Space,15.8769,108.3278,Phường Minh An (cập nhật địa chỉ),Minh An Ward (address TBC),08:00 – 21:00,08:00 – 21:00,"Không gian trưng bày và trải nghiệm tôn vinh mối giao lưu Việt – Nhật từ thời thương cảng: thư pháp, gấp giấy origami, trà đạo và các hoạt động giao lưu văn hoá.","An exhibition and hands-on space celebrating Vietnam–Japan exchange since the trading-port era: calligraphy, origami, tea ceremony and cultural activities.",,,⚠ Cần khảo sát tại điểm — thay bằng manh mối từ hoạt động trải nghiệm (vd: vật phẩm bạn tự làm được tại đây).,⚠ Capture on-site — replace with a clue from a hands-on activity (e.g. the craft you can make here).,Tìm tấm biển tên ở lối vào — bạn đang ở điểm nào?,Find the name plaque at the entrance — which site are you at?,Không gian Văn hóa Việt Nam – Nhật Bản,Vietnam–Japan Culture Space,Bảo tàng Hội An,Hoi An Museum,Nhà cổ Phùng Hưng,Phung Hung Old House,A,,
